{"id":"los-angeles-ca-united-states","name":"Los Angeles, CA, United States","country":"United States","cables":[{"id":"southern-cross-next","name":"Southern Cross NEXT","rfs_year":2022,"is_planned":true},{"id":"tata-tgn-pacific","name":"Tata TGN-Pacific","rfs_year":2002,"is_planned":false}],"landing_points":["los-angeles-ca-united-states","toyohashi-japan","hillsboro-or-united-states","emi-japan","piti-gu-united-states","takapuna-new-zealand","savusavu-fiji","alexandria-nsw-australia","suva-fiji","nukunonu-tokelau","kiritimati-kiribati"]}
