{"name":"France","cables":[{"id":"dunant","name":"Dunant","cable_id":1971},{"id":"peace-cable","name":"PEACE Cable","cable_id":1923},{"id":"africa-1","name":"Africa-1","cable_id":1878},{"id":"seamewe-5","name":"SeaMeWe-5","cable_id":1559},{"id":"corse-continent-5-cc5","name":"Corse-Continent 5 (CC5)","cable_id":1428},{"id":"corse-continent-4-cc4","name":"Corse-Continent 4 (CC4)","cable_id":1427},{"id":"ingrid","name":"INGRID","cable_id":1700},{"id":"seamewe-3","name":"SeaMeWe-3","cable_id":1031},{"id":"tat-14","name":"TAT-14","cable_id":1043},{"id":"ireland-france-cable-1-ifc-1","name":"Ireland-France Cable-1 (IFC-1)","cable_id":1889},{"id":"high-capacity-undersea-guernsey-optical-fibre-hugo","name":"High-capacity Undersea Guernsey Optical-fibre (HUGO)","cable_id":1697},{"id":"apollo","name":"Apollo","cable_id":1213},{"id":"flag-atlantic-1-fa-1","name":"FLAG Atlantic-1 (FA-1)","cable_id":1028},{"id":"circe-south","name":"Circe South","cable_id":1323},{"id":"asia-africa-europe-1-aae-1","name":"Asia Africa Europe-1 (AAE-1)","cable_id":1739},{"id":"seamewe-4","name":"SeaMeWe-4","cable_id":1035},{"id":"med-cable-network","name":"Med Cable Network","cable_id":1366},{"id":"atlas-offshore","name":"Atlas Offshore","cable_id":1512},{"id":"imewe","name":"IMEWE","cable_id":1536},{"id":"hawk","name":"Hawk","cable_id":1523},{"id":"te-northtgn-eurasiaseacomalexandrosmedex","name":"TE North/TGN-Eurasia/SEACOM/Alexandros/Medex","cable_id":1573},{"id":"africa-coast-to-europe-ace","name":"Africa Coast to Europe (ACE)","cable_id":1629}],"landing_points":[{"id":"saint-hilaire-de-riez-france","name":"Saint-Hilaire-de-Riez, France","landing_point_id":9775},{"id":"marseille-france","name":"Marseille, France","landing_point_id":3210},{"id":"toulon-france","name":"Toulon, France","landing_point_id":5346},{"id":"ajaccio-france","name":"Ajaccio, France","landing_point_id":6053},{"id":"la-seyne-france","name":"La Seyne, France","landing_point_id":7766},{"id":"lle-rousse-france","name":"L’Île-Rousse, France","landing_point_id":7765},{"id":"cannes-france","name":"Cannes, France","landing_point_id":6279},{"id":"surville-france","name":"Surville, France","landing_point_id":10378},{"id":"penmarch-france","name":"Penmarch, France","landing_point_id":3119},{"id":"st-valry-france","name":"St. Valéry, France","landing_point_id":5331},{"id":"lannion-france","name":"Lannion, France","landing_point_id":5837},{"id":"plerin-france","name":"Plerin, France","landing_point_id":5836},{"id":"cayeux-sur-mer-france","name":"Cayeux-sur-Mer, France","landing_point_id":6051},{"id":"hobyo-somalia","name":"Hobyo, Somalia","landing_point_id":17305},{"id":"kismayo-somalia","name":"Kismayo, Somalia","landing_point_id":17304},{"id":"mtunzini-south-africa","name":"Mtunzini, South Africa","landing_point_id":5942},{"id":"mombasa-kenya","name":"Mombasa, Kenya","landing_point_id":5896},{"id":"zafarana-egypt","name":"Zafarana, Egypt","landing_point_id":9486},{"id":"karachi-pakistan","name":"Karachi, Pakistan","landing_point_id":3259},{"id":"port-sudan-sudan","name":"Port Sudan, Sudan","landing_point_id":5950},{"id":"mahajanga-madagascar","name":"Mahajanga, Madagascar","landing_point_id":5901},{"id":"sidi-kerir-egypt","name":"Sidi Kerir, Egypt","landing_point_id":8679},{"id":"mogadishu-somalia","name":"Mogadishu, Somalia","landing_point_id":4255},{"id":"berbera-somalia","name":"Berbera, Somalia","landing_point_id":10093},{"id":"djibouti-city-djibouti","name":"Djibouti City, Djibouti","landing_point_id":4177},{"id":"kalba-united-arab-emirates","name":"Kalba, United Arab Emirates","landing_point_id":17183},{"id":"st-austell-united-kingdom","name":"St. Austell, United Kingdom","landing_point_id":8787},{"id":"suro-guinea-bissau","name":"Suro, Guinea-Bissau","landing_point_id":17036},{"id":"duynefontein-south-africa","name":"Duynefontein, South Africa","landing_point_id":17037},{"id":"gwadar-pakistan","name":"Gwadar, Pakistan","landing_point_id":16371},{"id":"virginia-beach-va-united-states","name":"Virginia Beach, VA, United States","landing_point_id":4862},{"id":"carcavelos-portugal","name":"Carcavelos, Portugal","landing_point_id":14331},{"id":"cape-daguilar-china","name":"Cape D’Aguilar, China","landing_point_id":6007},{"id":"bosaso-somalia","name":"Bosaso, Somalia","landing_point_id":16373},{"id":"dumai-indonesia","name":"Dumai, Indonesia","landing_point_id":7311},{"id":"medan-indonesia","name":"Medan, Indonesia","landing_point_id":5861},{"id":"matara-sri-lanka","name":"Matara, Sri Lanka","landing_point_id":15021},{"id":"kuakata-bangladesh","name":"Kuakata, Bangladesh","landing_point_id":15020},{"id":"ngwe-saung-myanmar","name":"Ngwe Saung, Myanmar","landing_point_id":14639},{"id":"yanbu-saudi-arabia","name":"Yanbu, Saudi Arabia","landing_point_id":9269},{"id":"al-bustan-oman","name":"Al Bustan, Oman","landing_point_id":15019},{"id":"kuala-kurau-malaysia","name":"Kuala Kurau, Malaysia","landing_point_id":15018},{"id":"sihanoukville-cambodia","name":"Sihanoukville, Cambodia","landing_point_id":9118},{"id":"archirondel-jersey","name":"Archirondel, Jersey","landing_point_id":10377},{"id":"greve-de-lecq-jersey","name":"Greve de Lecq, Jersey","landing_point_id":10375},{"id":"havelet-bay-guernsey","name":"Havelet Bay, Guernsey","landing_point_id":10376},{"id":"saints-bay-guernsey","name":"Saints Bay, Guernsey","landing_point_id":10374},{"id":"pembroke-guernsey","name":"Pembroke, Guernsey","landing_point_id":10373},{"id":"northport-ny-united-states","name":"Northport, NY, United States","landing_point_id":9762},{"id":"porthcurno-united-kingdom","name":"Porthcurno, United Kingdom","landing_point_id":3082},{"id":"mumbai-india","name":"Mumbai, India","landing_point_id":3212},{"id":"fujairah-united-arab-emirates","name":"Fujairah, United Arab Emirates","landing_point_id":5962},{"id":"songkhla-thailand","name":"Songkhla, Thailand","landing_point_id":4265},{"id":"island-park-ny-united-states","name":"Island Park, NY, United States","landing_point_id":9763},{"id":"shantou-china","name":"Shantou, China","landing_point_id":5803},{"id":"deep-water-bay-hong-kong-china","name":"Deep Water Bay, Hong Kong, China","landing_point_id":5853},{"id":"taipa-china","name":"Taipa, China","landing_point_id":5900},{"id":"batangas-philippines","name":"Batangas, Philippines","landing_point_id":3218},{"id":"danang-vietnam","name":"Danang, Vietnam","landing_point_id":5986},{"id":"tungku-brunei","name":"Tungku, Brunei","landing_point_id":5970},{"id":"mersing-malaysia","name":"Mersing, Malaysia","landing_point_id":5902},{"id":"tuas-singapore","name":"Tuas, Singapore","landing_point_id":5938},{"id":"okinawa-japan","name":"Okinawa, Japan","landing_point_id":5886},{"id":"keoje-korea-rep-","name":"Keoje, Korea, Rep.","landing_point_id":5975},{"id":"shanghai-china","name":"Shanghai, China","landing_point_id":3246},{"id":"toucheng-taiwan","name":"Toucheng, Taiwan","landing_point_id":5981},{"id":"fangshan-taiwan","name":"Fangshan, Taiwan","landing_point_id":5980},{"id":"ancol-indonesia","name":"Ancol, Indonesia","landing_point_id":5860},{"id":"perth-australia","name":"Perth, Australia","landing_point_id":3239},{"id":"penang-malaysia","name":"Penang, Malaysia","landing_point_id":3307},{"id":"satun-thailand","name":"Satun, Thailand","landing_point_id":5956},{"id":"pyapon-myanmar","name":"Pyapon, Myanmar","landing_point_id":5911},{"id":"mt-lavinia-sri-lanka","name":"Mt. Lavinia, Sri Lanka","landing_point_id":5949},{"id":"cochin-india","name":"Cochin, India","landing_point_id":4322},{"id":"muscat-oman","name":"Muscat, Oman","landing_point_id":4225},{"id":"suez-egypt","name":"Suez, Egypt","landing_point_id":5825},{"id":"alexandria-egypt","name":"Alexandria, Egypt","landing_point_id":6044},{"id":"yeroskipos-cyprus","name":"Yeroskipos, Cyprus","landing_point_id":5811},{"id":"marmaris-turkey","name":"Marmaris, Turkey","landing_point_id":5959},{"id":"mazara-del-vallo-italy","name":"Mazara del Vallo, Italy","landing_point_id":3215},{"id":"sesimbra-portugal","name":"Sesimbra, Portugal","landing_point_id":5934},{"id":"goonhilly-downs-united-kingdom","name":"Goonhilly Downs, United Kingdom","landing_point_id":3292},{"id":"norden-germany","name":"Norden, Germany","landing_point_id":5840},{"id":"tuckerton-nj-united-states","name":"Tuckerton, NJ, United States","landing_point_id":3808},{"id":"katwijk-netherlands","name":"Katwijk, Netherlands","landing_point_id":3283},{"id":"bude-united-kingdom","name":"Bude, United Kingdom","landing_point_id":4554},{"id":"manasquan-nj-united-states","name":"Manasquan, NJ, United States","landing_point_id":3686},{"id":"jeddah-saudi-arabia","name":"Jeddah, Saudi Arabia","landing_point_id":4361},{"id":"catania-italy","name":"Catania, Italy","landing_point_id":3214},{"id":"chania-greece","name":"Chania, Greece","landing_point_id":5723},{"id":"doha-qatar","name":"Doha, Qatar","landing_point_id":3867},{"id":"shirley-ny-united-states","name":"Shirley, NY, United States","landing_point_id":3783},{"id":"skewjack-united-kingdom","name":"Skewjack, United Kingdom","landing_point_id":5741},{"id":"kilmore-quay-ireland","name":"Kilmore Quay, Ireland","landing_point_id":5863},{"id":"blaabjerg-denmark","name":"Blaabjerg, Denmark","landing_point_id":5818},{"id":"ttouan-morocco","name":"Tétouan, Morocco","landing_point_id":5909},{"id":"ostend-belgium","name":"Ostend, Belgium","landing_point_id":5789},{"id":"aden-yemen","name":"Aden, Yemen","landing_point_id":5969},{"id":"pevensey-bay-united-kingdom","name":"Pevensey Bay, United Kingdom","landing_point_id":6050},{"id":"chennai-india","name":"Chennai, India","landing_point_id":4191},{"id":"colombo-sri-lanka","name":"Colombo, Sri Lanka","landing_point_id":3887},{"id":"palermo-italy","name":"Palermo, Italy","landing_point_id":3177},{"id":"bizerte-tunisia","name":"Bizerte, Tunisia","landing_point_id":5958},{"id":"annaba-algeria","name":"Annaba, Algeria","landing_point_id":4196},{"id":"coxs-bazar-bangladesh","name":"Cox’s Bazar, Bangladesh","landing_point_id":6299},{"id":"melaka-malaysia","name":"Melaka, Malaysia","landing_point_id":6300},{"id":"algiers-algeria","name":"Algiers, Algeria","landing_point_id":4176},{"id":"al-hudaydah-yemen","name":"Al Hudaydah, Yemen","landing_point_id":7681},{"id":"bari-italy","name":"Bari, Italy","landing_point_id":3160},{"id":"asilah-morocco","name":"Asilah, Morocco","landing_point_id":5910},{"id":"oran-algeria","name":"Oran, Algeria","landing_point_id":8359},{"id":"vung-tau-vietnam","name":"Vung Tau, Vietnam","landing_point_id":6013},{"id":"tripoli-lebanon","name":"Tripoli, Lebanon","landing_point_id":8663},{"id":"abu-talat-egypt","name":"Abu Talat, Egypt","landing_point_id":9485},{"id":"nouakchott-mauritania","name":"Nouakchott, Mauritania","landing_point_id":4192},{"id":"dakar-senegal","name":"Dakar, Senegal","landing_point_id":4180},{"id":"banjul-gambia","name":"Banjul, Gambia","landing_point_id":4348},{"id":"conakry-guinea","name":"Conakry, Guinea","landing_point_id":4208},{"id":"freetown-sierra-leone","name":"Freetown, Sierra Leone","landing_point_id":4212},{"id":"monrovia-liberia","name":"Monrovia, Liberia","landing_point_id":4178},{"id":"abidjan-cte-divoire","name":"Abidjan, Côte d'Ivoire","landing_point_id":3316},{"id":"accra-ghana","name":"Accra, Ghana","landing_point_id":4181},{"id":"cotonou-benin","name":"Cotonou, Benin","landing_point_id":3315},{"id":"lagos-nigeria","name":"Lagos, Nigeria","landing_point_id":3280},{"id":"libreville-gabon","name":"Libreville, Gabon","landing_point_id":4221},{"id":"bata-equatorial-guinea","name":"Bata, Equatorial Guinea","landing_point_id":9434},{"id":"pentaskhinos-cyprus","name":"Pentaskhinos, Cyprus","landing_point_id":5812},{"id":"swakopmund-namibia","name":"Swakopmund, Namibia","landing_point_id":9845},{"id":"santana-sao-tome-and-principe","name":"Santana, Sao Tome and Principe","landing_point_id":10094},{"id":"luanda-angola","name":"Luanda, Angola","landing_point_id":4190},{"id":"muanda-congo-dem-rep-","name":"Muanda, Congo, Dem. Rep.","landing_point_id":9426},{"id":"tenerife-canary-islands-spain","name":"Tenerife, Canary Islands, Spain","landing_point_id":7713},{"id":"kribi-cameroon","name":"Kribi, Cameroon","landing_point_id":10095},{"id":"victoria-seychelles","name":"Victoria, Seychelles","landing_point_id":4362},{"id":"qalhat-oman","name":"Qalhat, Oman","landing_point_id":10684}],"latlon":[{"latlon":"46.693994,-1.968303"},{"latlon":"43.293580,5.372489"},{"latlon":"43.125294,5.930338"},{"latlon":"41.919326,8.738638"},{"latlon":"43.102907,5.878092"},{"latlon":"42.636513,8.937075"},{"latlon":"43.552931,7.017349"},{"latlon":"49.283287,-1.650017"},{"latlon":"47.811315,-4.338688"},{"latlon":"49.860423,0.708478"},{"latlon":"48.730260,-3.459928"},{"latlon":"48.534740,-2.768083"},{"latlon":"50.178806,1.493438"},{"latlon":"43.293165,5.372623"}]}
