{"name":"Peru","cables":[{"id":"fibra-optica-al-pacfico","name":"Fibra Optica al Pacífico","cable_id":1921},{"id":"south-pacific-cable-system-spscmistral","name":"South Pacific Cable System (SPSC)/Mistral","cable_id":2054},{"id":"south-american-crossing-sac","name":"South American Crossing (SAC)","cable_id":1084},{"id":"south-america-1-sam-1","name":"South America-1 (SAm-1)","cable_id":1083},{"id":"pan-american-pan-am","name":"Pan American (PAN-AM)","cable_id":1073}],"landing_points":[{"id":"lurin-peru","name":"Lurin, Peru","landing_point_id":5930},{"id":"ilo-peru","name":"Ilo, Peru","landing_point_id":8896},{"id":"mancora-peru","name":"Mancora, Peru","landing_point_id":8484},{"id":"salinas-ecuador","name":"Salinas, Ecuador","landing_point_id":9789},{"id":"arica-chile","name":"Arica, Chile","landing_point_id":5800},{"id":"valparaso-chile","name":"Valparaíso, Chile","landing_point_id":3331},{"id":"buenaventura-colombia","name":"Buenaventura, Colombia","landing_point_id":5806},{"id":"st-croix-vi-united-states","name":"St. Croix, VI, United States","landing_point_id":5750},{"id":"fortaleza-brazil","name":"Fortaleza, Brazil","landing_point_id":3347},{"id":"rio-de-janeiro-brazil","name":"Rio de Janeiro, Brazil","landing_point_id":3242},{"id":"santos-brazil","name":"Santos, Brazil","landing_point_id":3411},{"id":"las-toninas-argentina","name":"Las Toninas, Argentina","landing_point_id":3330},{"id":"fort-amador-panama","name":"Fort Amador, Panama","landing_point_id":5925},{"id":"punta-cana-dominican-republic","name":"Punta Cana, Dominican Republic","landing_point_id":5694},{"id":"punta-carnero-ecuador","name":"Punta Carnero, Ecuador","landing_point_id":5824},{"id":"baby-beach-aruba","name":"Baby Beach, Aruba","landing_point_id":5776},{"id":"boca-raton-fl-united-states","name":"Boca Raton, FL, United States","landing_point_id":3563},{"id":"san-juan-pr-united-states","name":"San Juan, PR, United States","landing_point_id":4262},{"id":"puerto-san-jose-guatemala","name":"Puerto San Jose, Guatemala","landing_point_id":5849},{"id":"puerto-barrios-guatemala","name":"Puerto Barrios, Guatemala","landing_point_id":5848},{"id":"salvador-brazil","name":"Salvador, Brazil","landing_point_id":3342},{"id":"puerto-viejo-venezuela","name":"Puerto Viejo, Venezuela","landing_point_id":5967},{"id":"panama-city-panama","name":"Panama City, Panama","landing_point_id":3334},{"id":"colon-panama","name":"Colon, Panama","landing_point_id":6093},{"id":"punto-fijo-venezuela","name":"Punto Fijo, Venezuela","landing_point_id":5965},{"id":"barranquilla-colombia","name":"Barranquilla, Colombia","landing_point_id":4315},{"id":"st-thomas-virgin-islands-u-s-","name":"St. Thomas, Virgin Islands (U.S.)","landing_point_id":4359}],"latlon":[{"latlon":"-12.278527,-76.874285"},{"latlon":"-17.641170,-71.323707"},{"latlon":"-4.154046,-81.053787"}]}
