{"name":"Philippines","cables":[{"id":"apcn-2","name":"APCN-2","cable_id":1049},{"id":"cap-1","name":"CAP-1","cable_id":2114},{"id":"asia-direct-cable-adc","name":"Asia Direct Cable (ADC)","cable_id":2029},{"id":"pacific-light-cable-network-plcn","name":"Pacific Light Cable Network (PLCN)","cable_id":1858},{"id":"converge-domestic-submarine-cable-network-cdscn","name":"Converge Domestic Submarine Cable Network (CDSCN)","cable_id":2059},{"id":"sorsogon-samar-submarine-fiber-optical-interconnection-project-sssfoip","name":"Sorsogon-Samar Submarine Fiber Optical Interconnection Project (SSSFOIP)","cable_id":2001},{"id":"national-digital-transmission-network-ndtn","name":"National Digital Transmission Network (NDTN)","cable_id":1482},{"id":"asia-america-gateway-aag-cable-system","name":"Asia-America Gateway (AAG) Cable System","cable_id":1507},{"id":"bifrost","name":"Bifrost","cable_id":2129},{"id":"sea-us","name":"SEA-US","cable_id":1823},{"id":"pldt-domestic-fiber-optic-network-dfon","name":"PLDT Domestic Fiber Optic Network (DFON)","cable_id":1839},{"id":"palawa-iloilo-cable-system","name":"Palawa-Iloilo Cable System","cable_id":1796},{"id":"boracay-palawan-submarine-cable-system","name":"Boracay-Palawan Submarine Cable System","cable_id":1781},{"id":"jupiter","name":"JUPITER","cable_id":1928},{"id":"asia-submarine-cable-express-asecahaya-malaysia","name":"Asia Submarine-cable Express (ASE)/Cahaya Malaysia","cable_id":1679},{"id":"seamewe-3","name":"SeaMeWe-3","cable_id":1031},{"id":"tata-tgn-intra-asia-tgn-ia","name":"Tata TGN-Intra Asia (TGN-IA)","cable_id":1534},{"id":"eac-c2c","name":"EAC-C2C","cable_id":1592},{"id":"southeast-asia-japan-cable-sjc","name":"Southeast Asia Japan Cable (SJC)","cable_id":1604}],"landing_points":[{"id":"batangas-philippines","name":"Batangas, Philippines","landing_point_id":3218},{"id":"pagudpud-philippines","name":"Pagudpud, Philippines","landing_point_id":18138},{"id":"baler-philippines","name":"Baler, Philippines","landing_point_id":17677},{"id":"tagbilaran-philippines","name":"Tagbilaran, Philippines","landing_point_id":17587},{"id":"baclayon-philippines","name":"Baclayon, Philippines","landing_point_id":17588},{"id":"bacong-philippines","name":"Bacong, Philippines","landing_point_id":17586},{"id":"taytay-philippines","name":"Taytay, Philippines","landing_point_id":14655},{"id":"coron-philippines","name":"Coron, Philippines","landing_point_id":9385},{"id":"roxas-city-philippines","name":"Roxas City, Philippines","landing_point_id":7840},{"id":"pasacao-philippines","name":"Pasacao, Philippines","landing_point_id":16597},{"id":"masbate-city-philippines","name":"Masbate City, Philippines","landing_point_id":16047},{"id":"bogo-philippines","name":"Bogo, Philippines","landing_point_id":9382},{"id":"naga-philippines","name":"Naga, Philippines","landing_point_id":16596},{"id":"cagayan-de-oro-philippines","name":"Cagayan de Oro, Philippines","landing_point_id":10658},{"id":"buenavista-philippines","name":"Buenavista, Philippines","landing_point_id":17560},{"id":"toledo-philippines","name":"Toledo, Philippines","landing_point_id":17561},{"id":"san-carlos-philippines","name":"San Carlos, Philippines","landing_point_id":17562},{"id":"san-remigio-philippines","name":"San Remigio, Philippines","landing_point_id":17563},{"id":"talisay-philippines","name":"Talisay, Philippines","landing_point_id":17564},{"id":"leganes-philippines","name":"Leganes, Philippines","landing_point_id":17565},{"id":"milagros-philippines","name":"Milagros, Philippines","landing_point_id":17566},{"id":"roxas-philippines","name":"Roxas, Philippines","landing_point_id":17567},{"id":"boracay-philippines","name":"Boracay, Philippines","landing_point_id":17568},{"id":"san-juan-philippines","name":"San Juan, Philippines","landing_point_id":17569},{"id":"allen-philippines","name":"Allen, Philippines","landing_point_id":17334},{"id":"santa-magdalena-philippines","name":"Santa Magdalena, Philippines","landing_point_id":17333},{"id":"lucena-philippines","name":"Lucena, Philippines","landing_point_id":7839},{"id":"san-jose-philippines","name":"San Jose, Philippines","landing_point_id":7841},{"id":"dumaguete-philippines","name":"Dumaguete, Philippines","landing_point_id":7842},{"id":"cagayan-philippines","name":"Cagayan, Philippines","landing_point_id":7843},{"id":"cuyapo-philippines","name":"Cuyapo, Philippines","landing_point_id":7844},{"id":"la-union-philippines","name":"La Union, Philippines","landing_point_id":10340},{"id":"davao-philippines","name":"Davao, Philippines","landing_point_id":3902},{"id":"nasugbu-philippines","name":"Nasugbu, Philippines","landing_point_id":9603},{"id":"pinamalayan-philippines","name":"Pinamalayan, Philippines","landing_point_id":16046},{"id":"legazpi-city-philippines","name":"Legazpi City, Philippines","landing_point_id":16048},{"id":"calbayog-philippines","name":"Calbayog, Philippines","landing_point_id":9384},{"id":"ormoc-philippines","name":"Ormoc, Philippines","landing_point_id":9387},{"id":"cebu-philippines","name":"Cebu, Philippines","landing_point_id":3901},{"id":"cadiz-city-philippines","name":"Cadiz City, Philippines","landing_point_id":16050},{"id":"ozamiz-city-philippines","name":"Ozamiz City, Philippines","landing_point_id":16052},{"id":"butuan-city-philippines","name":"Butuan City, Philippines","landing_point_id":16053},{"id":"san-jose-de-buenavista-philippines","name":"San Jose de Buenavista, Philippines","landing_point_id":14753},{"id":"daet-philippines","name":"Daet, Philippines","landing_point_id":10355},{"id":"ballesteros-philippines","name":"Ballesteros, Philippines","landing_point_id":8541},{"id":"cavite-philippines","name":"Cavite, Philippines","landing_point_id":5931},{"id":"chikura-japan","name":"Chikura, Japan","landing_point_id":5885},{"id":"busan-south-korea","name":"Busan, South Korea","landing_point_id":4183},{"id":"shantou-china","name":"Shantou, China","landing_point_id":5803},{"id":"kuantan-malaysia","name":"Kuantan, Malaysia","landing_point_id":5903},{"id":"kitaibaraki-japan","name":"Kitaibaraki, Japan","landing_point_id":5703},{"id":"lantau-island-china","name":"Lantau Island, China","landing_point_id":5852},{"id":"chongming-china","name":"Chongming, China","landing_point_id":5802},{"id":"katong-singapore","name":"Katong, Singapore","landing_point_id":5939},{"id":"tanshui-taiwan","name":"Tanshui, Taiwan","landing_point_id":5982},{"id":"maruyama-japan","name":"Maruyama, Japan","landing_point_id":5887},{"id":"chung-hom-kok-china","name":"Chung Hom Kok, China","landing_point_id":5856},{"id":"sriracha-thailand","name":"Sriracha, Thailand","landing_point_id":6014},{"id":"tuas-singapore","name":"Tuas, Singapore","landing_point_id":5938},{"id":"quy-nhon-vietnam","name":"Quy Nhon, Vietnam","landing_point_id":17229},{"id":"komesu-japan","name":"Komesu, Japan","landing_point_id":17508},{"id":"cloverdale-or-united-states","name":"Cloverdale, OR, United States","landing_point_id":17478},{"id":"t-b-d-ca-united-states","name":"t.b.d., CA, United States","landing_point_id":3678},{"id":"t-b-d-gu-united-states","name":"t.b.d., GU, United States","landing_point_id":5973},{"id":"magachgil-yap-micronesia","name":"Magachgil, Yap, Micronesia","landing_point_id":16966},{"id":"ngeremlengui-palau","name":"Ngeremlengui, Palau","landing_point_id":7822},{"id":"el-segundo-ca-united-states","name":"El Segundo, CA, United States","landing_point_id":4096},{"id":"jakarta-indonesia","name":"Jakarta, Indonesia","landing_point_id":3012},{"id":"kauditan-indonesia","name":"Kauditan, Indonesia","landing_point_id":16518},{"id":"hermosa-beach-ca-united-states","name":"Hermosa Beach, CA, United States","landing_point_id":4966},{"id":"grover-beach-ca-united-states","name":"Grover Beach, CA, United States","landing_point_id":5748},{"id":"shima-japan","name":"Shima, Japan","landing_point_id":5883},{"id":"makaha-hi-united-states","name":"Makaha, HI, United States","landing_point_id":5760},{"id":"deep-water-bay-china","name":"Deep Water Bay, China","landing_point_id":5853},{"id":"taipa-china","name":"Taipa, China","landing_point_id":5900},{"id":"danang-vietnam","name":"Danang, Vietnam","landing_point_id":5986},{"id":"tungku-brunei","name":"Tungku, Brunei","landing_point_id":5970},{"id":"mersing-malaysia","name":"Mersing, Malaysia","landing_point_id":5902},{"id":"okinawa-japan","name":"Okinawa, Japan","landing_point_id":5886},{"id":"geoje-south-korea","name":"Geoje, South Korea","landing_point_id":17590},{"id":"toucheng-taiwan","name":"Toucheng, Taiwan","landing_point_id":5981},{"id":"fangshan-taiwan","name":"Fangshan, Taiwan","landing_point_id":5980},{"id":"ancol-indonesia","name":"Ancol, Indonesia","landing_point_id":5860},{"id":"perth-wa-australia","name":"Perth, WA, Australia","landing_point_id":3239},{"id":"penang-malaysia","name":"Penang, Malaysia","landing_point_id":3307},{"id":"satun-thailand","name":"Satun, Thailand","landing_point_id":5956},{"id":"pyapon-myanmar","name":"Pyapon, Myanmar","landing_point_id":5911},{"id":"mt-lavinia-sri-lanka","name":"Mt. Lavinia, Sri Lanka","landing_point_id":5949},{"id":"cochin-india","name":"Cochin, India","landing_point_id":4322},{"id":"mumbai-india","name":"Mumbai, India","landing_point_id":3212},{"id":"karachi-pakistan","name":"Karachi, Pakistan","landing_point_id":3259},{"id":"muscat-oman","name":"Muscat, Oman","landing_point_id":4225},{"id":"fujairah-united-arab-emirates","name":"Fujairah, United Arab Emirates","landing_point_id":5962},{"id":"djibouti-city-djibouti","name":"Djibouti City, Djibouti","landing_point_id":4177},{"id":"suez-egypt","name":"Suez, Egypt","landing_point_id":5825},{"id":"alexandria-egypt","name":"Alexandria, Egypt","landing_point_id":6044},{"id":"yeroskipos-cyprus","name":"Yeroskipos, Cyprus","landing_point_id":5811},{"id":"marmaris-turkey","name":"Marmaris, Turkey","landing_point_id":5959},{"id":"mazara-del-vallo-italy","name":"Mazara del Vallo, Italy","landing_point_id":3215},{"id":"sesimbra-portugal","name":"Sesimbra, Portugal","landing_point_id":5934},{"id":"penmarch-france","name":"Penmarch, France","landing_point_id":3119},{"id":"goonhilly-downs-united-kingdom","name":"Goonhilly Downs, United Kingdom","landing_point_id":3292},{"id":"medan-indonesia","name":"Medan, Indonesia","landing_point_id":5861},{"id":"jeddah-saudi-arabia","name":"Jeddah, Saudi Arabia","landing_point_id":4361},{"id":"chania-greece","name":"Chania, Greece","landing_point_id":5723},{"id":"ttouan-morocco","name":"Tétouan, Morocco","landing_point_id":5909},{"id":"piti-gu-united-states","name":"Piti, GU, United States","landing_point_id":5973},{"id":"ostend-belgium","name":"Ostend, Belgium","landing_point_id":5789},{"id":"changi-north-singapore","name":"Changi North, Singapore","landing_point_id":5940},{"id":"vung-tau-vietnam","name":"Vung Tau, Vietnam","landing_point_id":6013},{"id":"san-luis-obispo-ca-united-states","name":"San Luis Obispo, CA, United States","landing_point_id":3772},{"id":"keawaula-hi-united-states","name":"Keawaula, HI, United States","landing_point_id":5754},{"id":"tanguisson-point-gu-united-states","name":"Tanguisson Point, GU, United States","landing_point_id":3251},{"id":"ajigaura-japan","name":"Ajigaura, Japan","landing_point_id":5884},{"id":"pa-li-taiwan","name":"Pa Li, Taiwan","landing_point_id":5983},{"id":"shindu-ri-south-korea","name":"Shindu-Ri, South Korea","landing_point_id":5977},{"id":"tseung-kwan-o-china","name":"Tseung Kwan O, China","landing_point_id":5857},{"id":"qingdao-china","name":"Qingdao, China","landing_point_id":6012},{"id":"nanhui-china","name":"Nanhui, China","landing_point_id":5804},{"id":"changi-south-singapore","name":"Changi South, Singapore","landing_point_id":5937},{"id":"telisai-brunei","name":"Telisai, Brunei","landing_point_id":10309},{"id":"singapore-singapore","name":"Singapore, Singapore","landing_point_id":3029}],"latlon":[{"latlon":"13.765553,121.064930"},{"latlon":"18.624237,120.857986"},{"latlon":"13.765826,121.065101"},{"latlon":"15.761529,121.560182"},{"latlon":"9.675425,123.878171"},{"latlon":"9.622558,123.913547"},{"latlon":"9.246331,123.294956"},{"latlon":"10.819711,119.500331"},{"latlon":"12.005056,120.200697"},{"latlon":"11.583330,122.749987"},{"latlon":"13.547781,122.950646"},{"latlon":"12.366677,123.616661"},{"latlon":"11.045877,124.007652"},{"latlon":"10.238242,123.691442"},{"latlon":"8.454228,124.631895"},{"latlon":"8.968922,125.420737"},{"latlon":"10.376249,123.635241"},{"latlon":"10.483745,123.412877"},{"latlon":"11.083327,123.936339"},{"latlon":"10.739403,122.967761"},{"latlon":"10.786581,122.589441"},{"latlon":"12.218125,123.509093"},{"latlon":"12.586435,121.527747"},{"latlon":"11.949242,121.944812"},{"latlon":"13.809928,121.448865"},{"latlon":"12.501380,124.282347"},{"latlon":"12.645301,124.107091"},{"latlon":"13.935263,121.612293"},{"latlon":"12.362576,121.050111"},{"latlon":"9.295563,123.281481"},{"latlon":"18.545597,121.634314"},{"latlon":"15.781774,120.666468"},{"latlon":"16.582591,120.389637"},{"latlon":"7.079989,125.612778"},{"latlon":"14.088187,120.623011"},{"latlon":"13.045779,121.464539"},{"latlon":"11.583306,122.749987"},{"latlon":"12.366725,123.616686"},{"latlon":"13.139089,123.743737"},{"latlon":"12.069906,124.600279"},{"latlon":"11.006889,124.612779"},{"latlon":"10.310033,123.894615"},{"latlon":"10.950026,123.299987"},{"latlon":"9.295611,123.281432"},{"latlon":"8.150029,123.849986"},{"latlon":"8.454228,124.631920"},{"latlon":"8.947615,125.540610"},{"latlon":"10.748806,121.941296"},{"latlon":"10.819603,119.500380"},{"latlon":"12.362623,121.050086"},{"latlon":"12.004960,120.200673"},{"latlon":"14.116616,122.949889"},{"latlon":"18.409408,121.513953"},{"latlon":"14.286268,120.820106"}]}
