{"name":"Togo","cables":[{"id":"maroc-telecom-west-africa","name":"Maroc Telecom West Africa","cable_id":2080},{"id":"west-africa-cable-system-wacs","name":"West Africa Cable System (WACS)","cable_id":1560}],"landing_points":[{"id":"lome-togo","name":"Lome, Togo","landing_point_id":3317},{"id":"dakhla-morocco","name":"Dakhla, Morocco","landing_point_id":16114},{"id":"casablanca-morocco","name":"Casablanca, Morocco","landing_point_id":3256},{"id":"libreville-gabon","name":"Libreville, Gabon","landing_point_id":4221},{"id":"abidjan-cte-divoire","name":"Abidjan, Côte d'Ivoire","landing_point_id":3316},{"id":"sangano-angola","name":"Sangano, Angola","landing_point_id":10727},{"id":"cotonou-benin","name":"Cotonou, Benin","landing_point_id":3315},{"id":"seixal-portugal","name":"Seixal, Portugal","landing_point_id":9058},{"id":"muanda-congo-dem-rep-","name":"Muanda, Congo, Dem. Rep.","landing_point_id":9426},{"id":"pointe-noire-congo-rep-","name":"Pointe-Noire, Congo, Rep.","landing_point_id":5971},{"id":"lagos-nigeria","name":"Lagos, Nigeria","landing_point_id":3280},{"id":"accra-ghana","name":"Accra, Ghana","landing_point_id":4181},{"id":"praia-cape-verde","name":"Praia, Cape Verde","landing_point_id":4257},{"id":"el-goro-canary-islands-spain","name":"El Goro, Canary Islands, Spain","landing_point_id":10726},{"id":"yzerfontein-south-africa","name":"Yzerfontein, South Africa","landing_point_id":9844},{"id":"swakopmund-namibia","name":"Swakopmund, Namibia","landing_point_id":9845},{"id":"limbe-cameroon","name":"Limbe, Cameroon","landing_point_id":9846}],"latlon":[{"latlon":"6.126007,1.227808"}]}
