{"id":"planned","name":"Planned","cables":[{"id":"2africa","name":"2Africa","rfs":2023},{"id":"africa-1","name":"Africa-1","rfs":2023},{"id":"amitie","name":"Amitie","rfs":2022},{"id":"apollo-east-and-west","name":"Apollo East and West","rfs":2024},{"id":"apricot","name":"Apricot","rfs":2024},{"id":"asia-connect-cable-1-acc1","name":"Asia Connect Cable 1 (ACC1)","rfs":2024},{"id":"asia-direct-cable-adc","name":"Asia Direct Cable (ADC)","rfs":2022},{"id":"au-aleutian","name":"AU-Aleutian","rfs":2022},{"id":"aurora-cable-system","name":"AURORA Cable System","rfs":2023},{"id":"azerbaijan-turkmenistan","name":"Azerbaijan-Turkmenistan","rfs":2022},{"id":"bifrost","name":"Bifrost","rfs":2024},{"id":"biznet-nusantara-cable-system-1-bncs-1","name":"Biznet Nusantara Cable System-1 (BNCS-1)","rfs":2023},{"id":"blue","name":"Blue","rfs":2024},{"id":"boriken-submarine-cable-system-bscs","name":"Boriken Submarine Cable System (BSCS)","rfs":2023},{"id":"bt-north-sea","name":"BT North Sea","rfs":2022},{"id":"cap-1","name":"CAP-1","rfs":2023},{"id":"caribbean-express-cx","name":"Caribbean Express (CX)","rfs":2024},{"id":"celtic-norse","name":"Celtic Norse","rfs":2025},{"id":"confluence-1","name":"Confluence-1","rfs":2023},{"id":"darwin-jakarta-singapore-cable-djsc","name":"Darwin-Jakarta-Singapore Cable (DJSC)","rfs":2023},{"id":"deep-blue-one","name":"Deep Blue One","rfs":2024},{"id":"eastern-arctic-undersea-fibre-optic-network-eaufon","name":"Eastern Arctic Undersea Fibre Optic Network (EAUFON)","rfs":2022},{"id":"echo","name":"Echo","rfs":2023},{"id":"equiano","name":"Equiano","rfs":2022},{"id":"firmina","name":"Firmina","rfs":2023},{"id":"galapagos-cable-system","name":"Galapagos Cable System","rfs":2023},{"id":"gignet-1","name":"GigNet-1","rfs":2022},{"id":"gondwana-2picot-2","name":"Gondwana-2/Picot-2","rfs":2022},{"id":"grace-hopper","name":"Grace Hopper","rfs":2022},{"id":"havhingstenceltixconnect-2-cc-2","name":"Havhingsten/CeltixConnect-2 (CC-2)","rfs":2022},{"id":"havhingstennorth-sea-connect-nsc","name":"Havhingsten/North Sea Connect (NSC)","rfs":2022},{"id":"havsil","name":"Havsil","rfs":2022},{"id":"hawaiki-nui","name":"Hawaiki Nui","rfs":2025},{"id":"hokkaido-akita-cable","name":"Hokkaido-Akita Cable","rfs":2023},{"id":"india-asia-xpress-iax","name":"India Asia Xpress (IAX)","rfs":2023},{"id":"india-europe-xpress-iex","name":"India Europe Xpress (IEX)","rfs":2024},{"id":"ionian","name":"Ionian","rfs":2022},{"id":"iris","name":"IRIS","rfs":2022},{"id":"leif-erikson","name":"Leif Erikson","rfs":2024},{"id":"mandji-fiber-optic-cable","name":"Mandji Fiber Optic Cable","rfs":2023},{"id":"maple-leaf-fibre","name":"Maple Leaf Fibre","rfs":2023},{"id":"medusa-submarine-cable-system","name":"Medusa Submarine Cable System","rfs":2024},{"id":"mist","name":"MIST","rfs":2023},{"id":"n0r5ke-viking","name":"N0r5ke Viking","rfs":2022},{"id":"natitua-sud","name":"Natitua Sud","rfs":2023},{"id":"nzadi-cable-system","name":"Nzadi Cable System","rfs":2023},{"id":"oman-australia-cable-oac","name":"Oman Australia Cable (OAC)","rfs":2022},{"id":"polar-express","name":"Polar Express","rfs":2026},{"id":"raman","name":"Raman","rfs":2024},{"id":"saudi-vision","name":"Saudi Vision","rfs":2023},{"id":"scotland-northern-ireland-3","name":"Scotland-Northern Ireland 3","rfs":2022},{"id":"scotland-northern-ireland-4","name":"Scotland-Northern Ireland 4","rfs":2022},{"id":"sealink","name":"SEALink","rfs":2023},{"id":"seamewe-6","name":"SeaMeWe-6","rfs":2025},{"id":"sednalink-fibre","name":"SednaLink Fibre","rfs":2023},{"id":"senegal-horn-of-africa-regional-express-share-cable","name":"Senegal Horn of Africa Regional Express (SHARE) Cable","rfs":2022},{"id":"singapore-myanmar-sigmar","name":"Singapore-Myanmar (SIGMAR)","rfs":2023},{"id":"southeast-asia-japan-cable-2-sjc2","name":"Southeast Asia-Japan Cable 2 (SJC2)","rfs":2023},{"id":"southern-cross-next","name":"Southern Cross NEXT","rfs":2022},{"id":"tokelau-submarine-cable","name":"Tokelau Submarine Cable","rfs":2022},{"id":"topaz","name":"Topaz","rfs":2022},{"id":"trans-caspian-fiber-optic-tcfo","name":"Trans Caspian Fiber Optic (TCFO)","rfs":2022},{"id":"ultramar-ge","name":"Ultramar GE","rfs":2022},{"id":"wall-li","name":"WALL-LI","rfs":2024},{"id":"zeus","name":"Zeus","rfs":2022}],"landing_points":["abidjan-cte-divoire","abu-dhabi-united-arab-emirates","accra-ghana","agat-guam","aguadilla-pr-united-states","akita-japan","aktau-kazakhstan","akulivik-qc-canada","akutan-ak-united-states","al-faw-iraq","al-khobar-saudi-arabia","alexandria-nsw-australia","algiers-algeria","anadyr-russia","andalsnes-norway","annobon-equatorial-guinea","anyer-indonesia","aqaba-jordan","atafu-tokelau","balboa-panama","baler-philippines","barcelona-spain","barka-oman","bastia-france","batam-indonesia","batangas-philippines","bellport-ny-united-states","berbera-somalia","bergen-norway","bilbao-spain","blackpool-united-kingdom","boca-raton-fl-united-states","brekstad-norway","brisbane-qld-australia","broadstairs-united-kingdom","bude-united-kingdom","busan-south-korea","cabinda-angola","cabo-san-juan-equatorial-guinea","callantsoog-netherlands","cancn-mexico","cape-town-south-africa","carana-seychelles","carcavelos-portugal","cartagena-colombia","cayenne-french-guiana","chaguaramas-trinidad-and-tobago","changi-north-singapore","changi-south-singapore","chania-greece","chennai-india","chignik-bay-ak-united-states","chignik-lagoon-ak-united-states","chignik-lake-ak-united-states","chikura-japan","chisasibi-qc-canada","christchurch-new-zealand","chung-hom-kok-china","coffman-cove-ak-united-states","cold-bay-ak-united-states","collo-algeria","corisco-equatorial-guinea","coxs-bazar-bangladesh","crotone-italy","dakar-senegal","dar-es-salaam-tanzania","darwin-nt-australia","davao-philippines","dikson-russia","dili-timor-leste","djibouti-city-djibouti","doha-qatar","donaghadee-united-kingdom","duba-saudi-arabia","dunedin-new-zealand","equinor-tjeldbergodden-norway","eureka-ca-united-states","fakaofa-tokelau","false-pass-ak-united-states","fangshan-taiwan","flor-norway","frederiksted-virgin-islands-u-s-","galway-ireland","genoa-italy","george-town-cayman-islands","georgetown-guyana","girvan-united-kingdom","golfo-aranci-italy","goose-bay-nl-canada","gran-canaria-canary-islands-spain","grover-beach-ca-united-states","hanstholm-denmark","haql-saudi-arabia","haramous-djibouti","heim-norway","herlandsvika-norway","hitiaa-french-polynesia","houstrup-denmark","hulhumale-maldives","humacao-pr-united-states","hyllestad-norway","inukjuak-qc-canada","invercargill-new-zealand","iqaluit-nu-canada","ivujivik-qc-canada","jacksonville-fl-united-states","jakarta-indonesia","jeddah-saudi-arabia","kalba-united-arab-emirates","kalianda-indonesia","kangiqsujuaq-qc-canada","kapolei-hi-united-states","karachi-pakistan","kawaihae-hi-united-states","killala-ireland","king-cove-ak-united-states","kingston-on-canada","kiritimati-kiribati","kodiak-ak-united-states","korakia-greece","kristiansand-norway","kristiansund-norway","kuujjuarapik-qc-canada","kuwait-city-kuwait","kwa-ibo-nigeria","lagos-nigeria","larne-united-kingdom","larsen-bay-ak-united-states","las-toninas-argentina","le-porge-france","lefdal-norway","lena-point-ak-united-states","lesund-norway","letkokkon-myanmar","libreville-gabon","lingang-china","lisbon-portugal","los-angeles-ca-united-states","loughshinny-ireland","lowestoft-united-kingdom","luanda-angola","lynn-ma-united-states","macao-beach-dominican-republic","mahajanga-madagascar","makassar-indonesia","manado-indonesia","manama-bahrain","manta-ecuador","maputo-mozambique","maria-chiquita-panama","marseille-france","maruyama-japan","matara-sri-lanka","mazara-del-vallo-italy","medan-indonesia","melbourne-vic-australia","melkbosstrand-south-africa","minamiboso-japan","mocha-yemen","mogadishu-somalia","molde-norway","mombasa-kenya","mont-dore-new-caledonia","morib-malaysia","moroni-comoros","mtunzini-south-africa","muanda-congo-dem-rep-","mumbai-india","muntok-indonesia","murmansk-russia","muscat-oman","myrtle-beach-sc-united-states","nacala-mozambique","nador-morocco","nakhodka-russia","newcastle-united-kingdom","ngeremlengui-palau","noumea-new-caledonia","nukunonu-tokelau","okrug-russia","ostend-belgium","pachi-greece","pagudpud-philippines","palermo-italy","paramaribo-suriname","perryville-ak-united-states","perth-wa-australia","petersburg-ak-united-states","petropavlovsk-kamchatsky-russia","pevek-russia","piti-guam","pointe-noire-congo-rep-","ponce-pr-united-states","port-alberni-bc-canada","port-elizabeth-south-africa","port-erin-isle-of-man","port-grenaugh-isle-of-man","port-hedland-wa-australia","port-said-egypt","port-sudan-sudan","portpatrick-united-kingdom","praia-cape-verde","praia-grande-brazil","preveza-greece","puerto-ayora-ecuador","puerto-baquerizo-moreno-ecuador","puerto-barrios-guatemala","puerto-cortes-honduras","puerto-general-villamil-ecuador","punta-del-este-uruguay","puvirnituq-qc-canada","quanono-new-caledonia","quy-nhon-vietnam","ras-ghareb-egypt","rockly-bay-trinidad-and-tobago","rome-italy","ruperts-bay-saint-helena-ascension-and-tristan-da-cunha","rurutu-french-polynesia","sakha-republic-russia","salalah-oman","salluit-qc-canada","sand-point-ak-united-states","sao-tome-sao-tome-and-principe","sapporo-japan","sarasota-fl-united-states","satun-thailand","savona-italy","savusavu-fiji","shantou-china","shima-japan","sidi-kerir-egypt","sines-portugal","singapore-singapore","siyazan-azerbaijan","songkhla-thailand","soyo-angola","sriracha-thailand","stavanger-norway","sture-norway","suez-egypt","sungsang-indonesia","sunny-isles-fl-united-states","suva-fiji","swakopmund-namibia","sydney-nsw-australia","tadine-new-caledonia","takahagi-japan","takapuna-new-zealand","tanjung-pakis-indonesia","tanshui-taiwan","tel-aviv-israel","thanlyin-myanmar","thorlakshofn-iceland","timpaki-greece","toronto-on-canada","torreguadiaro-spain","toucheng-taiwan","trondheim-norway","ttouan-morocco","tuas-singapore","tubuai-french-polynesia","turkmenbashi-turkmenistan","tympaki-greece","umiujaq-qc-canada","unalaska-ak-united-states","vao-new-caledonia","virginia-beach-va-united-states","vladivostok-russia","wall-township-nj-united-states","west-island-cocos-keeling-islands","west-palm-beach-fl-united-states","westbury-ny-united-states","winterton-on-sea-united-kingdom","yanbu-saudi-arabia","yate-new-caledonia","yeroskipos-cyprus","ysanden-norway","yuzhno-sakhalinsk-russia","zafarana-egypt","zahara-de-los-atunes-spain","zandvoort-netherlands"]}
