[{"url":"/#/country/albania","value":"Connected to Albania"},{"url":"/#/country/algeria","value":"Connected to Algeria"},{"url":"/#/country/american-samoa","value":"Connected to American Samoa"},{"url":"/#/country/angola","value":"Connected to Angola"},{"url":"/#/country/anguilla","value":"Connected to Anguilla"},{"url":"/#/country/antigua-and-barbuda","value":"Connected to Antigua and Barbuda"},{"url":"/#/country/argentina","value":"Connected to Argentina"},{"url":"/#/country/aruba","value":"Connected to Aruba"},{"url":"/#/country/australia","value":"Connected to Australia"},{"url":"/#/country/bahamas","value":"Connected to Bahamas"},{"url":"/#/country/bahrain","value":"Connected to Bahrain"},{"url":"/#/country/bangladesh","value":"Connected to Bangladesh"},{"url":"/#/country/barbados","value":"Connected to Barbados"},{"url":"/#/country/belgium","value":"Connected to Belgium"},{"url":"/#/country/belize","value":"Connected to Belize"},{"url":"/#/country/benin","value":"Connected to Benin"},{"url":"/#/country/bermuda","value":"Connected to Bermuda"},{"url":"/#/country/brazil","value":"Connected to Brazil"},{"url":"/#/country/brunei","value":"Connected to Brunei"},{"url":"/#/country/bulgaria","value":"Connected to Bulgaria"},{"url":"/#/country/cambodia","value":"Connected to Cambodia"},{"url":"/#/country/cameroon","value":"Connected to Cameroon"},{"url":"/#/country/canada","value":"Connected to Canada"},{"url":"/#/country/cape-verde","value":"Connected to Cape Verde"},{"url":"/#/country/cayman-islands","value":"Connected to the Cayman Islands"},{"url":"/#/country/chile","value":"Connected to Chile"},{"url":"/#/country/china","value":"Connected to China"},{"url":"/#/country/colombia","value":"Connected to Colombia"},{"url":"/#/country/comoros","value":"Connected to Comoros"},{"url":"/#/country/congo-dem-rep-","value":"Connected to the Congo, Dem. Rep."},{"url":"/#/country/congo-rep-","value":"Connected to the Congo, Rep."},{"url":"/#/country/costa-rica","value":"Connected to Costa Rica"},{"url":"/#/country/croatia","value":"Connected to Croatia"},{"url":"/#/country/cuba","value":"Connected to Cuba"},{"url":"/#/country/curaao","value":"Connected to Curaçao"},{"url":"/#/country/cyprus","value":"Connected to Cyprus"},{"url":"/#/country/cte-divoire","value":"Connected to Côte d'Ivoire"},{"url":"/#/country/denmark","value":"Connected to Denmark"},{"url":"/#/country/djibouti","value":"Connected to Djibouti"},{"url":"/#/country/dominica","value":"Connected to Dominica"},{"url":"/#/country/dominican-republic","value":"Connected to the Dominican Republic"},{"url":"/#/country/ecuador","value":"Connected to Ecuador"},{"url":"/#/country/egypt","value":"Connected to Egypt"},{"url":"/#/country/equatorial-guinea","value":"Connected to Equatorial Guinea"},{"url":"/#/country/estonia","value":"Connected to Estonia"},{"url":"/#/country/faeroe-islands","value":"Connected to the Faeroe Islands"},{"url":"/#/country/federated-states-of-micronesia","value":"Connected to the Federated States of Micronesia"},{"url":"/#/country/fiji","value":"Connected to Fiji"},{"url":"/#/country/finland","value":"Connected to Finland"},{"url":"/#/country/france","value":"Connected to France"},{"url":"/#/country/french-guiana","value":"Connected to French Guiana"},{"url":"/#/country/french-polynesia","value":"Connected to French Polynesia"},{"url":"/#/country/gabon","value":"Connected to Gabon"},{"url":"/#/country/gambia","value":"Connected to the Gambia"},{"url":"/#/country/georgia","value":"Connected to Georgia"},{"url":"/#/country/germany","value":"Connected to Germany"},{"url":"/#/country/ghana","value":"Connected to Ghana"},{"url":"/#/country/gibraltar","value":"Connected to Gibraltar"},{"url":"/#/country/greece","value":"Connected to Greece"},{"url":"/#/country/greenland","value":"Connected to Greenland"},{"url":"/#/country/grenada","value":"Connected to Grenada"},{"url":"/#/country/guadeloupe","value":"Connected to Guadeloupe"},{"url":"/#/country/guam","value":"Connected to Guam"},{"url":"/#/country/guatemala","value":"Connected to Guatemala"},{"url":"/#/country/guernsey","value":"Connected to Guernsey"},{"url":"/#/country/guinea","value":"Connected to Guinea"},{"url":"/#/country/guyana","value":"Connected to Guyana"},{"url":"/#/country/haiti","value":"Connected to Haiti"},{"url":"/#/country/honduras","value":"Connected to Honduras"},{"url":"/#/country/hong-kong","value":"Connected to Hong Kong"},{"url":"/#/country/iceland","value":"Connected to Iceland"},{"url":"/#/country/india","value":"Connected to India"},{"url":"/#/country/indonesia","value":"Connected to Indonesia"},{"url":"/#/country/iran","value":"Connected to Iran"},{"url":"/#/country/iraq","value":"Connected to Iraq"},{"url":"/#/country/ireland","value":"Connected to Ireland"},{"url":"/#/country/israel","value":"Connected to Israel"},{"url":"/#/country/italy","value":"Connected to Italy"},{"url":"/#/country/jamaica","value":"Connected to Jamaica"},{"url":"/#/country/japan","value":"Connected to Japan"},{"url":"/#/country/jersey","value":"Connected to Jersey"},{"url":"/#/country/jordan","value":"Connected to Jordan"},{"url":"/#/country/kenya","value":"Connected to Kenya"},{"url":"/#/country/korea-rep-","value":"Connected to Korea, Rep."},{"url":"/#/country/kuwait","value":"Connected to Kuwait"},{"url":"/#/country/latvia","value":"Connected to Latvia"},{"url":"/#/country/lebanon","value":"Connected to Lebanon"},{"url":"/#/country/liberia","value":"Connected to Liberia"},{"url":"/#/country/libya","value":"Connected to Libya"},{"url":"/#/country/lithuania","value":"Connected to Lithuania"},{"url":"/#/country/madagascar","value":"Connected to Madagascar"},{"url":"/#/country/malaysia","value":"Connected to Malaysia"},{"url":"/#/country/maldives","value":"Connected to the Maldives"},{"url":"/#/country/malta","value":"Connected to Malta"},{"url":"/#/country/martinique","value":"Connected to Martinique"},{"url":"/#/country/mauritania","value":"Connected to Mauritania"},{"url":"/#/country/mauritius","value":"Connected to Mauritius"},{"url":"/#/country/mayotte","value":"Connected to Mayotte"},{"url":"/#/country/mexico","value":"Connected to Mexico"},{"url":"/#/country/monaco","value":"Connected to Monaco"},{"url":"/#/country/montenegro","value":"Connected to Montenegro"},{"url":"/#/country/montserrat","value":"Connected to Montserrat"},{"url":"/#/country/morocco","value":"Connected to Morocco"},{"url":"/#/country/mozambique","value":"Connected to Mozambique"},{"url":"/#/country/myanmar","value":"Connected to Myanmar"},{"url":"/#/country/namibia","value":"Connected to Namibia"},{"url":"/#/country/netherlands","value":"Connected to the Netherlands"},{"url":"/#/country/new-caledonia","value":"Connected to New Caledonia"},{"url":"/#/country/new-zealand","value":"Connected to New Zealand"},{"url":"/#/country/nicaragua","value":"Connected to Nicaragua"},{"url":"/#/country/nigeria","value":"Connected to Nigeria"},{"url":"/#/country/northern-mariana-islands","value":"Connected to the Northern Mariana Islands"},{"url":"/#/country/norway","value":"Connected to Norway"},{"url":"/#/country/oman","value":"Connected to Oman"},{"url":"/#/country/pakistan","value":"Connected to Pakistan"},{"url":"/#/country/panama","value":"Connected to Panama"},{"url":"/#/country/papua-new-guinea","value":"Connected to Papua New Guinea"},{"url":"/#/country/peru","value":"Connected to Peru"},{"url":"/#/country/philippines","value":"Connected to the Philippines"},{"url":"/#/country/poland","value":"Connected to Poland"},{"url":"/#/country/portugal","value":"Connected to Portugal"},{"url":"/#/country/qatar","value":"Connected to Qatar"},{"url":"/#/country/republic-of-marshall-islands","value":"Connected to the Republic of Marshall Islands"},{"url":"/#/country/romania","value":"Connected to Romania"},{"url":"/#/country/russia","value":"Connected to Russia"},{"url":"/#/country/runion","value":"Connected to Réunion"},{"url":"/#/country/saint-kitts-and-nevis","value":"Connected to Saint Kitts and Nevis"},{"url":"/#/country/saint-lucia","value":"Connected to Saint Lucia"},{"url":"/#/country/saint-vincent-and-the-grenadines","value":"Connected to Saint Vincent and the Grenadines"},{"url":"/#/country/samoa","value":"Connected to Samoa"},{"url":"/#/country/sao-tome-and-principe","value":"Connected to Sao Tome and Principe"},{"url":"/#/country/saudi-arabia","value":"Connected to Saudi Arabia"},{"url":"/#/country/senegal","value":"Connected to Senegal"},{"url":"/#/country/seychelles","value":"Connected to Seychelles"},{"url":"/#/country/sierra-leone","value":"Connected to Sierra Leone"},{"url":"/#/country/singapore","value":"Connected to Singapore"},{"url":"/#/country/sint-maarten","value":"Connected to Sint Maarten"},{"url":"/#/country/solomon-islands","value":"Connected to Solomon Islands"},{"url":"/#/country/south-africa","value":"Connected to South Africa"},{"url":"/#/country/south-arne","value":"Connected to South Arne"},{"url":"/#/country/spain","value":"Connected to Spain"},{"url":"/#/country/sri-lanka","value":"Connected to Sri Lanka"},{"url":"/#/country/sudan","value":"Connected to Sudan"},{"url":"/#/country/suriname","value":"Connected to Suriname"},{"url":"/#/country/sweden","value":"Connected to Sweden"},{"url":"/#/country/syria","value":"Connected to Syria"},{"url":"/#/country/taiwan","value":"Connected to Taiwan"},{"url":"/#/country/tanzania","value":"Connected to Tanzania"},{"url":"/#/country/thailand","value":"Connected to Thailand"},{"url":"/#/country/togo","value":"Connected to Togo"},{"url":"/#/country/tonga","value":"Connected to Tonga"},{"url":"/#/country/trinidad-and-tobago","value":"Connected to Trinidad and Tobago"},{"url":"/#/country/tunisia","value":"Connected to Tunisia"},{"url":"/#/country/turkey","value":"Connected to Turkey"},{"url":"/#/country/turks-and-caicos-islands","value":"Connected to the Turks and Caicos Islands"},{"url":"/#/country/tyra","value":"Connected to Tyra"},{"url":"/#/country/united-arab-emirates","value":"Connected to the United Arab Emirates"},{"url":"/#/country/united-kingdom","value":"Connected to the United Kingdom"},{"url":"/#/country/united-states","value":"Connected to the United States"},{"url":"/#/country/uruguay","value":"Connected to Uruguay"},{"url":"/#/country/valdemar","value":"Connected to Valdemar"},{"url":"/#/country/vanuatu","value":"Connected to Vanuatu"},{"url":"/#/country/venezuela","value":"Connected to Venezuela"},{"url":"/#/country/vietnam","value":"Connected to Vietnam"},{"url":"/#/country/virgin-islands-u-k-","value":"Connected to the Virgin Islands (U.K.)"},{"url":"/#/country/virgin-islands-u-s-","value":"Connected to the Virgin Islands (U.S.)"},{"url":"/#/country/yemen","value":"Connected to Yemen"},{"value":"Abidjan, Côte d'Ivoire","url":"/#/landing-point/abidjan-cte-divoire"},{"value":"Abu Dhabi, United Arab Emirates","url":"/#/landing-point/abu-dhabi-united-arab-emirates"},{"value":"Abu Talat, Egypt","url":"/#/landing-point/abu-talat-egypt"},{"value":"Accra, Ghana","url":"/#/landing-point/accra-ghana"},{"value":"ACS Alaska-Oregon Network (AKORN)","url":"/#/submarine-cable/acs-alaska-oregon-network-akorn"},{"value":"Aden, Yemen","url":"/#/landing-point/aden-yemen"},{"value":"Aden-Djibouti","url":"/#/submarine-cable/aden-djibouti"},{"value":"Adria-1","url":"/#/submarine-cable/adria-1"},{"value":"Africa Coast to Europe (ACE)","url":"/#/submarine-cable/africa-coast-to-europe-ace"},{"value":"Ajaccio, France","url":"/#/landing-point/ajaccio-france"},{"value":"Ajigaura, Japan","url":"/#/landing-point/ajigaura-japan"},{"value":"Al Baida, Libya","url":"/#/landing-point/al-baida-libya"},{"value":"Al Brega, Libya","url":"/#/landing-point/al-brega-libya"},{"value":"Al Daayen, Qatar","url":"/#/landing-point/al-daayen-qatar"},{"value":"Al Ghaydah, Yemen","url":"/#/landing-point/al-ghaydah-yemen"},{"value":"Al Hidd, Bahrain","url":"/#/landing-point/al-hidd-bahrain"},{"value":"Al Hudaydah, Yemen","url":"/#/landing-point/al-hudaydah-yemen"},{"value":"Al Khobar, Saudi Arabia","url":"/#/landing-point/al-khobar-saudi-arabia"},{"value":"Al Khoms, Libya","url":"/#/landing-point/al-khoms-libya"},{"value":"Al Safat, Kuwait","url":"/#/landing-point/al-safat-kuwait"},{"value":"Al Seeb, Oman","url":"/#/landing-point/al-seeb-oman"},{"value":"Al-Faw, Iraq","url":"/#/landing-point/al-faw-iraq"},{"value":"Al-Kheesa, Qatar","url":"/#/landing-point/al-kheesa-qatar"},{"value":"ALASIA","url":"/#/submarine-cable/alasia"},{"value":"Alaska United East","url":"/#/submarine-cable/alaska-united-east"},{"value":"Alaska United Southeast","url":"/#/submarine-cable/alaska-united-southeast"},{"value":"Alaska United West","url":"/#/submarine-cable/alaska-united-west"},{"value":"ALBA-1","url":"/#/submarine-cable/alba-1"},{"value":"Aletar","url":"/#/submarine-cable/aletar"},{"value":"Alexandria, Australia","url":"/#/landing-point/alexandria-australia"},{"value":"Alexandria, Egypt","url":"/#/landing-point/alexandria-egypt"},{"value":"Algiers, Algeria","url":"/#/landing-point/algiers-algeria"},{"value":"Alkmaar, Netherlands","url":"/#/landing-point/alkmaar-netherlands"},{"value":"Alonso de Ojeda","url":"/#/submarine-cable/alonso-de-ojeda"},{"value":"ALPAL-2","url":"/#/submarine-cable/alpal-2"},{"value":"Alsgarde, Denmark","url":"/#/landing-point/alsgarde-denmark"},{"value":"Alta Vista, Canary Islands, Spain","url":"/#/landing-point/alta-vista-canary-islands-spain"},{"value":"Ambalawi, Indonesia","url":"/#/landing-point/ambalawi-indonesia"},{"value":"America Movil Submarine Cable System-1 (AMX-1)","url":"/#/submarine-cable/america-movil-submarine-cable-system-1-amx-1"},{"value":"American Samoa-Hawaii (ASH)","url":"/#/submarine-cable/american-samoa-hawaii-ash"},{"value":"Americas-I North","url":"/#/submarine-cable/americas-i-north"},{"value":"Americas-II","url":"/#/submarine-cable/americas-ii"},{"value":"Amerigo Vespucci","url":"/#/submarine-cable/amerigo-vespucci"},{"value":"Amwaj Island, Bahrain","url":"/#/landing-point/amwaj-island-bahrain"},{"value":"Anadyr, Russia","url":"/#/landing-point/anadyr-russia"},{"value":"Anatoliko, Cyprus","url":"/#/landing-point/anatoliko-cyprus"},{"value":"Anchorage, Alaska, United States","url":"/#/landing-point/anchorage-alaska-united-states"},{"value":"Ancol, Indonesia","url":"/#/landing-point/ancol-indonesia"},{"value":"Angola Domestic Network System (ADONES)","url":"/#/submarine-cable/angola-domestic-network-system-adones"},{"value":"Angoon, Alaska, United States","url":"/#/landing-point/angoon-alaska-united-states"},{"value":"Angra do Heroismo, Portugal","url":"/#/landing-point/angra-do-heroismo-portugal"},{"value":"Annaba, Algeria","url":"/#/landing-point/annaba-algeria"},{"value":"Antillas 1","url":"/#/submarine-cable/antillas-1"},{"value":"APCN-2","url":"/#/submarine-cable/apcn-2"},{"value":"Aphrodite 2","url":"/#/submarine-cable/aphrodite-2"},{"value":"Apia, Samoa","url":"/#/landing-point/apia-samoa"},{"value":"Apollo","url":"/#/submarine-cable/apollo"},{"value":"APX-East","url":"/#/submarine-cable/apx-east"},{"value":"APX-West","url":"/#/submarine-cable/apx-west"},{"value":"Aqaba, Jordan","url":"/#/landing-point/aqaba-jordan"},{"value":"Archirondel, Jersey","url":"/#/landing-point/archirondel-jersey"},{"value":"ARCOS","url":"/#/submarine-cable/arcos"},{"value":"Arctic Fibre","url":"/#/submarine-cable/arctic-fibre"},{"value":"Arendal, Norway","url":"/#/landing-point/arendal-norway"},{"value":"Arica, Chile","url":"/#/landing-point/arica-chile"},{"value":"Ariel","url":"/#/submarine-cable/ariel"},{"value":"Asia Pacific Gateway (APG)","url":"/#/submarine-cable/asia-pacific-gateway-apg"},{"value":"Asia Submarine-cable Express (ASE)/Cahaya Malaysia","url":"/#/submarine-cable/asia-submarine-cable-express-asecahaya-malaysia"},{"value":"Asia-America Gateway (AAG) Cable System","url":"/#/submarine-cable/asia-america-gateway-aag-cable-system"},{"value":"Asilah, Morocco","url":"/#/landing-point/asilah-morocco"},{"value":"Athens, Greece","url":"/#/landing-point/athens-greece"},{"value":"Atlantic Crossing-1 (AC-1)","url":"/#/submarine-cable/atlantic-crossing-1-ac-1"},{"value":"Atlantis-2","url":"/#/submarine-cable/atlantis-2"},{"value":"Atlas Offshore","url":"/#/submarine-cable/atlas-offshore"},{"value":"Auckland, New Zealand","url":"/#/landing-point/auckland-new-zealand"},{"value":"Auki, Solomon Islands","url":"/#/landing-point/auki-solomon-islands"},{"value":"Australia-Japan Cable (AJC)","url":"/#/submarine-cable/australia-japan-cable-ajc"},{"value":"Australia-Papua New Guinea-2 (APNG-2)","url":"/#/submarine-cable/australia-papua-new-guinea-2-apng-2"},{"value":"Australia-Singapore Cable (ASC)","url":"/#/submarine-cable/australia-singapore-cable-asc"},{"value":"Ayia Napa, Cyprus","url":"/#/landing-point/ayia-napa-cyprus"},{"value":"Ayre of Caira, United Kingdom","url":"/#/landing-point/ayre-of-caira-united-kingdom"},{"value":"Azores Fiber Optic System (AFOS)","url":"/#/submarine-cable/azores-fiber-optic-system-afos"},{"value":"Baby Beach, Aruba","url":"/#/landing-point/baby-beach-aruba"},{"value":"Bahamas 2","url":"/#/submarine-cable/bahamas-2"},{"value":"Bahamas Domestic Submarine Network (BDSNi)","url":"/#/submarine-cable/bahamas-domestic-submarine-network-bdsni"},{"value":"Bahamas Internet Cable System (BICS)","url":"/#/submarine-cable/bahamas-internet-cable-system-bics"},{"value":"Bahar ic-Caghaq, Malta","url":"/#/landing-point/bahar-ic-caghaq-malta"},{"value":"Baie Jacotet, Mauritius","url":"/#/landing-point/baie-jacotet-mauritius"},{"value":"Baillif, Guadeloupe","url":"/#/landing-point/baillif-guadeloupe"},{"value":"Balalink","url":"/#/submarine-cable/balalink"},{"value":"Balboa, Panama","url":"/#/landing-point/balboa-panama"},{"value":"Balchik, Bulgaria","url":"/#/landing-point/balchik-bulgaria"},{"value":"Bali, Indonesia","url":"/#/landing-point/bali-indonesia"},{"value":"Ballesteros, Philippines","url":"/#/landing-point/ballesteros-philippines"},{"value":"Ballinesker, Ireland","url":"/#/landing-point/ballinesker-ireland"},{"value":"Balluta Bay, Malta","url":"/#/landing-point/balluta-bay-malta"},{"value":"Ballygrangans, Ireland","url":"/#/landing-point/ballygrangans-ireland"},{"value":"Ballyhornan, United Kingdom","url":"/#/landing-point/ballyhornan-united-kingdom"},{"value":"Ballywater, United Kingdom","url":"/#/landing-point/ballywater-united-kingdom"},{"value":"Baltica","url":"/#/submarine-cable/baltica"},{"value":"Banana Bay, VI, United States","url":"/#/landing-point/banana-bay-vi-united-states"},{"value":"Bandar Abbas, Iran","url":"/#/landing-point/bandar-abbas-iran"},{"value":"Bandon, Oregon, United States","url":"/#/landing-point/bandon-oregon-united-states"},{"value":"Banff, United Kingdom","url":"/#/landing-point/banff-united-kingdom"},{"value":"Banjarmasin, Indonesia","url":"/#/landing-point/banjarmasin-indonesia"},{"value":"Banjul, Gambia","url":"/#/landing-point/banjul-gambia"},{"value":"Bar, Montenegro","url":"/#/landing-point/bar-montenegro"},{"value":"Barcelona, Spain","url":"/#/landing-point/barcelona-spain"},{"value":"Bari, Italy","url":"/#/landing-point/bari-italy"},{"value":"Barka, Oman","url":"/#/landing-point/barka-oman"},{"value":"Barranquilla, Colombia","url":"/#/landing-point/barranquilla-colombia"},{"value":"BARSAV","url":"/#/submarine-cable/barsav"},{"value":"Barsebäck, Sweden","url":"/#/landing-point/barsebck-sweden"},{"value":"Bass Strait-1","url":"/#/submarine-cable/bass-strait-1"},{"value":"Bass Strait-2","url":"/#/submarine-cable/bass-strait-2"},{"value":"Basseterre, Saint Kitts and Nevis","url":"/#/landing-point/basseterre-saint-kitts-and-nevis"},{"value":"Basslink","url":"/#/submarine-cable/basslink"},{"value":"Bata, Equatorial Guinea","url":"/#/landing-point/bata-equatorial-guinea"},{"value":"Batam Dumai Melaka (BDM) Cable System","url":"/#/submarine-cable/batam-dumai-melaka-bdm-cable-system"},{"value":"Batam Singapore Cable System (BSCS)","url":"/#/submarine-cable/batam-singapore-cable-system-bscs"},{"value":"Batam, Indonesia","url":"/#/landing-point/batam-indonesia"},{"value":"Batam-Rengit Cable System (BRCS)","url":"/#/submarine-cable/batam-rengit-cable-system-brcs"},{"value":"Batangas, Philippines","url":"/#/landing-point/batangas-philippines"},{"value":"Bay of Bengal Gateway (BBG)","url":"/#/submarine-cable/bay-of-bengal-gateway-bbg"},{"value":"BCF-1","url":"/#/submarine-cable/bcf-1"},{"value":"BCS East","url":"/#/submarine-cable/bcs-east"},{"value":"BCS East-West Interlink","url":"/#/submarine-cable/bcs-east-west-interlink"},{"value":"BCS North - Phase 1","url":"/#/submarine-cable/bcs-north---phase-1"},{"value":"BCS North - Phase 2","url":"/#/submarine-cable/bcs-north---phase-2"},{"value":"Beculuk, Indonesia","url":"/#/landing-point/beculuk-indonesia"},{"value":"Beirut, Lebanon","url":"/#/landing-point/beirut-lebanon"},{"value":"Belize City, Belize","url":"/#/landing-point/belize-city-belize"},{"value":"Bellport, New York, United States","url":"/#/landing-point/bellport-new-york-united-states"},{"value":"Benghazi, Libya","url":"/#/landing-point/benghazi-libya"},{"value":"Benguela, Angola","url":"/#/landing-point/benguela-angola"},{"value":"BERYTAR","url":"/#/submarine-cable/berytar"},{"value":"Beverwijk, Netherlands","url":"/#/landing-point/beverwijk-netherlands"},{"value":"Bharat Lanka Cable System","url":"/#/submarine-cable/bharat-lanka-cable-system"},{"value":"Bicentenario","url":"/#/submarine-cable/bicentenario"},{"value":"Bilbao, Spain","url":"/#/landing-point/bilbao-spain"},{"value":"Bizerte, Tunisia","url":"/#/landing-point/bizerte-tunisia"},{"value":"Blaabjerg, Denmark","url":"/#/landing-point/blaabjerg-denmark"},{"value":"Blackpool Sands, United Kingdom","url":"/#/landing-point/blackpool-sands-united-kingdom"},{"value":"Blackpool, United Kingdom","url":"/#/landing-point/blackpool-united-kingdom"},{"value":"Bluefields, Nicaragua","url":"/#/landing-point/bluefields-nicaragua"},{"value":"Boat Harbour, Tasmania, Australia","url":"/#/landing-point/boat-harbour-tasmania-australia"},{"value":"Boca Raton, Florida, United States","url":"/#/landing-point/boca-raton-florida-united-states"},{"value":"Boracay-Palawan Submarine Cable System","url":"/#/submarine-cable/boracay-palawan-submarine-cable-system"},{"value":"Botnia","url":"/#/submarine-cable/botnia"},{"value":"Brazil-Europe","url":"/#/submarine-cable/brazil-europe"},{"value":"Brean, United Kingdom","url":"/#/landing-point/brean-united-kingdom"},{"value":"Bredene, Belgium","url":"/#/landing-point/bredene-belgium"},{"value":"Breivika, Norway","url":"/#/landing-point/breivika-norway"},{"value":"Brewer's Bay, VI, United States","url":"/#/landing-point/brewers-bay-vi-united-states"},{"value":"Bridgetown, Barbados","url":"/#/landing-point/bridgetown-barbados"},{"value":"Brighton, United Kingdom","url":"/#/landing-point/brighton-united-kingdom"},{"value":"Broadstairs, United Kingdom","url":"/#/landing-point/broadstairs-united-kingdom"},{"value":"Brondby, Denmark","url":"/#/landing-point/brondby-denmark"},{"value":"Brookhaven, New York, United States","url":"/#/landing-point/brookhaven-new-york-united-states"},{"value":"Brookvale, Australia","url":"/#/landing-point/brookvale-australia"},{"value":"BT-MT-1","url":"/#/submarine-cable/bt-mt-1"},{"value":"Bude, United Kingdom","url":"/#/landing-point/bude-united-kingdom"},{"value":"Bull Bay, Jamaica","url":"/#/landing-point/bull-bay-jamaica"},{"value":"Bunkeflostand, Sweden","url":"/#/landing-point/bunkeflostand-sweden"},{"value":"Bushehr, Iran","url":"/#/landing-point/bushehr-iran"},{"value":"Cabinda, Angola","url":"/#/landing-point/cabinda-angola"},{"value":"Cacuaco, Angola","url":"/#/landing-point/cacuaco-angola"},{"value":"CADMOS","url":"/#/submarine-cable/cadmos"},{"value":"Cagliari, Italy","url":"/#/landing-point/cagliari-italy"},{"value":"Calais, France","url":"/#/landing-point/calais-france"},{"value":"CAM Ring","url":"/#/submarine-cable/cam-ring"},{"value":"Cambridge Bay, Nunavut, Canada","url":"/#/landing-point/cambridge-bay-nunavut-canada"},{"value":"Camuri, Venezuela","url":"/#/landing-point/camuri-venezuela"},{"value":"Canada-United States 1 (CANUS 1)","url":"/#/submarine-cable/canada-united-states-1-canus-1"},{"value":"Canalink","url":"/#/submarine-cable/canalink"},{"value":"Cancún, Mexico","url":"/#/landing-point/cancn-mexico"},{"value":"Canefield, Dominica","url":"/#/landing-point/canefield-dominica"},{"value":"Cannes, France","url":"/#/landing-point/cannes-france"},{"value":"CANTAT-3","url":"/#/submarine-cable/cantat-3"},{"value":"Cape Town, South Africa","url":"/#/landing-point/cape-town-south-africa"},{"value":"Caribbean-Bermuda U.S. (CBUS)","url":"/#/submarine-cable/caribbean-bermuda-u-s-cbus"},{"value":"Carrickfergus, United Kingdom","url":"/#/landing-point/carrickfergus-united-kingdom"},{"value":"Cartagena, Colombia","url":"/#/landing-point/cartagena-colombia"},{"value":"Castries, Saint Lucia","url":"/#/landing-point/castries-saint-lucia"},{"value":"Cat Island, Bahamas","url":"/#/landing-point/cat-island-bahamas"},{"value":"Catania, Italy","url":"/#/landing-point/catania-italy"},{"value":"Caucasus Cable System","url":"/#/submarine-cable/caucasus-cable-system"},{"value":"Caves Point, Bahamas","url":"/#/landing-point/caves-point-bahamas"},{"value":"Cavite, Philippines","url":"/#/landing-point/cavite-philippines"},{"value":"Cayenne, French Guiana","url":"/#/landing-point/cayenne-french-guiana"},{"value":"Cayeux-sur-Mer, France","url":"/#/landing-point/cayeux-sur-mer-france"},{"value":"Cayman Brac, Cayman Islands","url":"/#/landing-point/cayman-brac-cayman-islands"},{"value":"Cayman-Jamaica Fiber System","url":"/#/submarine-cable/cayman-jamaica-fiber-system"},{"value":"Ceiba-1","url":"/#/submarine-cable/ceiba-1"},{"value":"Celtic","url":"/#/submarine-cable/celtic"},{"value":"CeltixConnect","url":"/#/submarine-cable/celtixconnect"},{"value":"Chabahar, Iran","url":"/#/landing-point/chabahar-iran"},{"value":"Chaguaramas, Trinidad and Tobago","url":"/#/landing-point/chaguaramas-trinidad-and-tobago"},{"value":"Challenger Bermuda-1 (CB-1)","url":"/#/submarine-cable/challenger-bermuda-1-cb-1"},{"value":"Changi North, Singapore","url":"/#/landing-point/changi-north-singapore"},{"value":"Changi South, Singapore","url":"/#/landing-point/changi-south-singapore"},{"value":"Chania, Greece","url":"/#/landing-point/chania-greece"},{"value":"Channel Islands-9 Liberty Submarine Cable","url":"/#/submarine-cable/channel-islands-9-liberty-submarine-cable"},{"value":"Charlestown, Rhode Island, United States","url":"/#/landing-point/charlestown-rhode-island-united-states"},{"value":"Chennai, India","url":"/#/landing-point/chennai-india"},{"value":"Chikura, Japan","url":"/#/landing-point/chikura-japan"},{"value":"China-U.S. Cable Network (CHUS)","url":"/#/submarine-cable/china-u-s-cable-network-chus"},{"value":"Chindini, Comoros","url":"/#/landing-point/chindini-comoros"},{"value":"Chisasibi, Quebec, Canada","url":"/#/landing-point/chisasibi-quebec-canada"},{"value":"Chongming, China","url":"/#/landing-point/chongming-china"},{"value":"Christiansted, VI, United States","url":"/#/landing-point/christiansted-vi-united-states"},{"value":"Chung Hom Kok, Hong Kong","url":"/#/landing-point/chung-hom-kok-hong-kong"},{"value":"CIOS","url":"/#/submarine-cable/cios"},{"value":"Circe North","url":"/#/submarine-cable/circe-north"},{"value":"Circe South","url":"/#/submarine-cable/circe-south"},{"value":"Civitavecchia, Italy","url":"/#/landing-point/civitavecchia-italy"},{"value":"Clair, United Kingdom","url":"/#/landing-point/clair-united-kingdom"},{"value":"Clarence Town, Bahamas","url":"/#/landing-point/clarence-town-bahamas"},{"value":"Clonshaugh, Ireland","url":"/#/landing-point/clonshaugh-ireland"},{"value":"Cochin, India","url":"/#/landing-point/cochin-india"},{"value":"Cockburn Town, Bahamas","url":"/#/landing-point/cockburn-town-bahamas"},{"value":"Coleraine, United Kingdom","url":"/#/landing-point/coleraine-united-kingdom"},{"value":"Colombia-Florida Subsea Fiber (CFX-1)","url":"/#/submarine-cable/colombia-florida-subsea-fiber-cfx-1"},{"value":"Colombo, Sri Lanka","url":"/#/landing-point/colombo-sri-lanka"},{"value":"Columbus-II b","url":"/#/submarine-cable/columbus-ii-b"},{"value":"Columbus-III","url":"/#/submarine-cable/columbus-iii"},{"value":"Colón, Panama","url":"/#/landing-point/coln-panama"},{"value":"Comoros Domestic Cable System","url":"/#/submarine-cable/comoros-domestic-cable-system"},{"value":"Conakry, Guinea","url":"/#/landing-point/conakry-guinea"},{"value":"Concerto","url":"/#/submarine-cable/concerto"},{"value":"Condado Beach, PR, United States","url":"/#/landing-point/condado-beach-pr-united-states"},{"value":"Conil, Spain","url":"/#/landing-point/conil-spain"},{"value":"Corfu, Greece","url":"/#/landing-point/corfu-greece"},{"value":"Corfu-Bar","url":"/#/submarine-cable/corfu-bar"},{"value":"Cork, Ireland","url":"/#/landing-point/cork-ireland"},{"value":"Coron, Philippines","url":"/#/landing-point/coron-philippines"},{"value":"Corse-Continent 4 (CC4)","url":"/#/submarine-cable/corse-continent-4-cc4"},{"value":"Corse-Continent 5 (CC5)","url":"/#/submarine-cable/corse-continent-5-cc5"},{"value":"Corvo, Portugal","url":"/#/landing-point/corvo-portugal"},{"value":"Cotonou, Benin","url":"/#/landing-point/cotonou-benin"},{"value":"Cox’s Bazar, Bangladesh","url":"/#/landing-point/coxs-bazar-bangladesh"},{"value":"Crooked Island, Bahamas","url":"/#/landing-point/crooked-island-bahamas"},{"value":"Crown Haven, Bahamas","url":"/#/landing-point/crown-haven-bahamas"},{"value":"Current, Bahamas","url":"/#/landing-point/current-bahamas"},{"value":"Currimao, Philippines","url":"/#/landing-point/currimao-philippines"},{"value":"Cádiz, Spain","url":"/#/landing-point/cdiz-spain"},{"value":"Dadeng Island, China","url":"/#/landing-point/dadeng-island-china"},{"value":"Daet, Philippines","url":"/#/landing-point/daet-philippines"},{"value":"Dakar, Senegal","url":"/#/landing-point/dakar-senegal"},{"value":"Danang, Vietnam","url":"/#/landing-point/danang-vietnam"},{"value":"Danica North","url":"/#/submarine-cable/danica-north"},{"value":"DANICE","url":"/#/submarine-cable/danice"},{"value":"Dar Es Salaam, Tanzania","url":"/#/landing-point/dar-es-salaam-tanzania"},{"value":"Darnah, Libya","url":"/#/landing-point/darnah-libya"},{"value":"Dartmouth, United Kingdom","url":"/#/landing-point/dartmouth-united-kingdom"},{"value":"Das Island, United Arab Emirates","url":"/#/landing-point/das-island-united-arab-emirates"},{"value":"Deep Water Bay, Hong Kong","url":"/#/landing-point/deep-water-bay-hong-kong"},{"value":"Deeside Clwyd, United Kingdom","url":"/#/landing-point/deeside-clwyd-united-kingdom"},{"value":"Denmark-Norway 5","url":"/#/submarine-cable/denmark-norway-5"},{"value":"Denmark-Norway 6","url":"/#/submarine-cable/denmark-norway-6"},{"value":"Denmark-Poland 2","url":"/#/submarine-cable/denmark-poland-2"},{"value":"Denmark-Sweden 15","url":"/#/submarine-cable/denmark-sweden-15"},{"value":"Denmark-Sweden 16","url":"/#/submarine-cable/denmark-sweden-16"},{"value":"Denmark-Sweden 17","url":"/#/submarine-cable/denmark-sweden-17"},{"value":"Denmark-Sweden 18","url":"/#/submarine-cable/denmark-sweden-18"},{"value":"Dhangethi, Maldives","url":"/#/landing-point/dhangethi-maldives"},{"value":"Dhiraagu Cable Network","url":"/#/submarine-cable/dhiraagu-cable-network"},{"value":"Dhiraagu-SLT Submarine Cable Network","url":"/#/submarine-cable/dhiraagu-slt-submarine-cable-network"},{"value":"Diba, Oman","url":"/#/landing-point/diba-oman"},{"value":"Didon","url":"/#/submarine-cable/didon"},{"value":"Dieppe, France","url":"/#/landing-point/dieppe-france"},{"value":"Djibouti City, Djibouti","url":"/#/landing-point/djibouti-city-djibouti"},{"value":"Doha, Qatar","url":"/#/landing-point/doha-qatar"},{"value":"Donaghadee, United Kingdom","url":"/#/landing-point/donaghadee-united-kingdom"},{"value":"Douala, Cameroon","url":"/#/landing-point/douala-cameroon"},{"value":"Douglas, Isle of Man, United Kingdom","url":"/#/landing-point/douglas-isle-of-man-united-kingdom"},{"value":"Dover, United Kingdom","url":"/#/landing-point/dover-united-kingdom"},{"value":"Dragor, Denmark","url":"/#/landing-point/dragor-denmark"},{"value":"Draupner, Norway","url":"/#/landing-point/draupner-norway"},{"value":"Dubai, United Arab Emirates","url":"/#/landing-point/dubai-united-arab-emirates"},{"value":"Dublin, Ireland","url":"/#/landing-point/dublin-ireland"},{"value":"Dubrovnik, Croatia","url":"/#/landing-point/dubrovnik-croatia"},{"value":"Dumai, Indonesia","url":"/#/landing-point/dumai-indonesia"},{"value":"Dumai-Melaka Cable System","url":"/#/submarine-cable/dumai-melaka-cable-system"},{"value":"Dumpton Gap, United Kingdom","url":"/#/landing-point/dumpton-gap-united-kingdom"},{"value":"Duncan Town, Bahamas","url":"/#/landing-point/duncan-town-bahamas"},{"value":"Dunnet Bay, United Kingdom","url":"/#/landing-point/dunnet-bay-united-kingdom"},{"value":"Durres, Albania","url":"/#/landing-point/durres-albania"},{"value":"E-LLAN","url":"/#/submarine-cable/e-llan"},{"value":"EAC-C2C","url":"/#/submarine-cable/eac-c2c"},{"value":"East-West","url":"/#/submarine-cable/east-west"},{"value":"Eastern Africa Submarine System (EASSy)","url":"/#/submarine-cable/eastern-africa-submarine-system-eassy"},{"value":"Eastern Caribbean Fiber System (ECFS)","url":"/#/submarine-cable/eastern-caribbean-fiber-system-ecfs"},{"value":"ECLink","url":"/#/submarine-cable/eclink"},{"value":"Egmond, Netherlands","url":"/#/landing-point/egmond-netherlands"},{"value":"Eight-Mile Rock, Bahamas","url":"/#/landing-point/eight-mile-rock-bahamas"},{"value":"Ekofisk, Norway","url":"/#/landing-point/ekofisk-norway"},{"value":"El Djemila, Algeria","url":"/#/landing-point/el-djemila-algeria"},{"value":"El Goro, Canary Islands, Spain","url":"/#/landing-point/el-goro-canary-islands-spain"},{"value":"El Médano, Canary Islands, Spain","url":"/#/landing-point/el-mdano-canary-islands-spain"},{"value":"El-Quawef, Libya","url":"/#/landing-point/el-quawef-libya"},{"value":"Ela Beach, Papua New Guinea","url":"/#/landing-point/ela-beach-papua-new-guinea"},{"value":"Elektra-GlobalConnect 1 (GC1)","url":"/#/submarine-cable/elektra-globalconnect-1-gc1"},{"value":"Emerald Bridge Fibres","url":"/#/submarine-cable/emerald-bridge-fibres"},{"value":"Emerald Express","url":"/#/submarine-cable/emerald-express"},{"value":"Emi, Japan","url":"/#/landing-point/emi-japan"},{"value":"Ende, Indonesia","url":"/#/landing-point/ende-indonesia"},{"value":"ESAT-1","url":"/#/submarine-cable/esat-1"},{"value":"ESAT-2","url":"/#/submarine-cable/esat-2"},{"value":"Estepona, Spain","url":"/#/landing-point/estepona-spain"},{"value":"Estepona-Tetouan","url":"/#/submarine-cable/estepona-tetouan"},{"value":"EUROPA","url":"/#/submarine-cable/europa"},{"value":"Europe India Gateway (EIG)","url":"/#/submarine-cable/europe-india-gateway-eig"},{"value":"Eydhafushi, Maldives","url":"/#/landing-point/eydhafushi-maldives"},{"value":"Faial, Portugal","url":"/#/landing-point/faial-portugal"},{"value":"Fangshan, Taiwan","url":"/#/landing-point/fangshan-taiwan"},{"value":"FARICE-1","url":"/#/submarine-cable/farice-1"},{"value":"Farosund, Sweden","url":"/#/landing-point/farosund-sweden"},{"value":"FastnetConnect","url":"/#/submarine-cable/fastnetconnect"},{"value":"Fehmarn Bält","url":"/#/submarine-cable/fehmarn-blt"},{"value":"Fiber Optic Gulf (FOG)","url":"/#/submarine-cable/fiber-optic-gulf-fog"},{"value":"Fibralink","url":"/#/submarine-cable/fibralink"},{"value":"Filey, United Kingdom","url":"/#/landing-point/filey-united-kingdom"},{"value":"Finland Estonia Connection (FEC)","url":"/#/submarine-cable/finland-estonia-connection-fec"},{"value":"Finland-Estonia 2 (EESF-2)","url":"/#/submarine-cable/finland-estonia-2-eesf-2"},{"value":"Finland-Estonia 3 (EESF-3)","url":"/#/submarine-cable/finland-estonia-3-eesf-3"},{"value":"FLAG Atlantic-1 (FA-1)","url":"/#/submarine-cable/flag-atlantic-1-fa-1"},{"value":"FLAG Europe-Asia (FEA)","url":"/#/submarine-cable/flag-europe-asia-fea"},{"value":"FLAG FALCON","url":"/#/submarine-cable/flag-falcon"},{"value":"FLAG North Asia Loop/REACH North Asia Loop","url":"/#/submarine-cable/flag-north-asia-loopreach-north-asia-loop"},{"value":"Flamingo Bay, VI, United States","url":"/#/landing-point/flamingo-bay-vi-united-states"},{"value":"Florence, Oregon, United States","url":"/#/landing-point/florence-oregon-united-states"},{"value":"Flores, Portugal","url":"/#/landing-point/flores-portugal"},{"value":"Flores-Corvo Cable System","url":"/#/submarine-cable/flores-corvo-cable-system"},{"value":"Fomboni Moheli, Comoros","url":"/#/landing-point/fomboni-moheli-comoros"},{"value":"Fort Amador, Panama","url":"/#/landing-point/fort-amador-panama"},{"value":"Fortaleza, Brazil","url":"/#/landing-point/fortaleza-brazil"},{"value":"Four Mile Bluff, Australia","url":"/#/landing-point/four-mile-bluff-australia"},{"value":"Frederiksted, VI, United States","url":"/#/landing-point/frederiksted-vi-united-states"},{"value":"Freetown, Sierra Leone","url":"/#/landing-point/freetown-sierra-leone"},{"value":"Fresh Creek, Bahamas","url":"/#/landing-point/fresh-creek-bahamas"},{"value":"Fujairah, United Arab Emirates","url":"/#/landing-point/fujairah-united-arab-emirates"},{"value":"Fukuoka, Japan","url":"/#/landing-point/fukuoka-japan"},{"value":"Funchal, Portugal","url":"/#/landing-point/funchal-portugal"},{"value":"Funningsfjordur, Faeroe Islands","url":"/#/landing-point/funningsfjordur-faeroe-islands"},{"value":"Fuvahmulah, Maldives","url":"/#/landing-point/fuvahmulah-maldives"},{"value":"Fuzhou, China","url":"/#/landing-point/fuzhou-china"},{"value":"Gahdhoo, Maldives","url":"/#/landing-point/gahdhoo-maldives"},{"value":"Gan, Maldives","url":"/#/landing-point/gan-maldives"},{"value":"Ganaveh, Iran","url":"/#/landing-point/ganaveh-iran"},{"value":"Gavá, Spain","url":"/#/landing-point/gav-spain"},{"value":"Gedebak Odde, Denmark","url":"/#/landing-point/gedebak-odde-denmark"},{"value":"Gedser, Denmark","url":"/#/landing-point/gedser-denmark"},{"value":"Gemini Bermuda","url":"/#/submarine-cable/gemini-bermuda"},{"value":"Geo-Eirgrid","url":"/#/submarine-cable/geo-eirgrid"},{"value":"George Town, Bahamas","url":"/#/landing-point/george-town-bahamas"},{"value":"Georgetown, Guyana","url":"/#/landing-point/georgetown-guyana"},{"value":"Georgia-Russia","url":"/#/submarine-cable/georgia-russia"},{"value":"Germany-Denmark 2","url":"/#/submarine-cable/germany-denmark-2"},{"value":"Germany-Denmark 3","url":"/#/submarine-cable/germany-denmark-3"},{"value":"Germany-Netherlands","url":"/#/submarine-cable/germany-netherlands"},{"value":"Gibraltar, Gibraltar","url":"/#/landing-point/gibraltar-gibraltar"},{"value":"Girne, Cyprus","url":"/#/landing-point/girne-cyprus"},{"value":"Girvan, United Kingdom","url":"/#/landing-point/girvan-united-kingdom"},{"value":"GLO-1","url":"/#/submarine-cable/glo-1"},{"value":"Global Caribbean Network (GCN)","url":"/#/submarine-cable/global-caribbean-network-gcn"},{"value":"GlobalConnect 2 (GC2)","url":"/#/submarine-cable/globalconnect-2-gc2"},{"value":"GlobalConnect 3 (GC3)","url":"/#/submarine-cable/globalconnect-3-gc3"},{"value":"GlobalConnect-KPN","url":"/#/submarine-cable/globalconnect-kpn"},{"value":"GlobeNet","url":"/#/submarine-cable/globenet"},{"value":"GlobeNet Segment 5 (Bermuda-U.S.)","url":"/#/submarine-cable/globenet-segment-5-bermuda-u-s-"},{"value":"GO-1 Mediterranean Cable System","url":"/#/submarine-cable/go-1-mediterranean-cable-system"},{"value":"Gondwana-1","url":"/#/submarine-cable/gondwana-1"},{"value":"Goonhilly Downs, United Kingdom","url":"/#/landing-point/goonhilly-downs-united-kingdom"},{"value":"Governors Harbor, Bahamas","url":"/#/landing-point/governors-harbor-bahamas"},{"value":"Graciosa, Portugal","url":"/#/landing-point/graciosa-portugal"},{"value":"Gran Canaria, Canary Islands, Spain","url":"/#/landing-point/gran-canaria-canary-islands-spain"},{"value":"Great Bay, VI, United States","url":"/#/landing-point/great-bay-vi-united-states"},{"value":"Greece-Western Europe Network (GWEN)","url":"/#/submarine-cable/greece-western-europe-network-gwen"},{"value":"Greenland Connect","url":"/#/submarine-cable/greenland-connect"},{"value":"Greve de Lecq, Jersey","url":"/#/landing-point/greve-de-lecq-jersey"},{"value":"Grindavik, Iceland","url":"/#/landing-point/grindavik-iceland"},{"value":"Groudle Bay, United Kingdom","url":"/#/landing-point/groudle-bay-united-kingdom"},{"value":"Grover Beach, California, United States","url":"/#/landing-point/grover-beach-california-united-states"},{"value":"Guam Okinawa Kyushu Incheon (GOKI)","url":"/#/submarine-cable/guam-okinawa-kyushu-incheon-goki"},{"value":"Guanyin Mountain, China","url":"/#/landing-point/guanyin-mountain-china"},{"value":"Guernsey-Jersey-4","url":"/#/submarine-cable/guernsey-jersey-4"},{"value":"Gulf Bridge International Cable System (GBICS)/Middle East North Africa (MENA) Cable System","url":"/#/submarine-cable/gulf-bridge-international-cable-system-gbicsmiddle-east-north-africa-mena-cable-system"},{"value":"Guningtou, Taiwan","url":"/#/landing-point/guningtou-taiwan"},{"value":"Haifa, Israel","url":"/#/landing-point/haifa-israel"},{"value":"Haina, Dominican Republic","url":"/#/landing-point/haina-dominican-republic"},{"value":"Half Moon Bay, Cayman Islands","url":"/#/landing-point/half-moon-bay-cayman-islands"},{"value":"Halifax, Nova Scotia, Canada","url":"/#/landing-point/halifax-nova-scotia-canada"},{"value":"Halul Island, Qatar","url":"/#/landing-point/halul-island-qatar"},{"value":"Hangö, Finland","url":"/#/landing-point/hang-finland"},{"value":"HANNIBAL System","url":"/#/submarine-cable/hannibal-system"},{"value":"HANTRU1 Cable System","url":"/#/submarine-cable/hantru1-cable-system"},{"value":"Haradsholm, Finland","url":"/#/landing-point/haradsholm-finland"},{"value":"Harbour Pointe, Washington, United States","url":"/#/landing-point/harbour-pointe-washington-united-states"},{"value":"Harbour View, Jamaica","url":"/#/landing-point/harbour-view-jamaica"},{"value":"Havelet Bay, Guernsey","url":"/#/landing-point/havelet-bay-guernsey"},{"value":"Hawaiki Cable","url":"/#/submarine-cable/hawaiki-cable"},{"value":"Hawk","url":"/#/submarine-cable/hawk"},{"value":"Hawk Inlet, Alaska, United States","url":"/#/landing-point/hawk-inlet-alaska-united-states"},{"value":"Hawksbill, Bahamas","url":"/#/landing-point/hawksbill-bahamas"},{"value":"Helsingborg, Sweden","url":"/#/landing-point/helsingborg-sweden"},{"value":"Helsingfors, Finland","url":"/#/landing-point/helsingfors-finland"},{"value":"Helsingør, Denmark","url":"/#/landing-point/helsingr-denmark"},{"value":"Helsinki, Finland","url":"/#/landing-point/helsinki-finland"},{"value":"Hermosa Beach, California, United States","url":"/#/landing-point/hermosa-beach-california-united-states"},{"value":"Hibernia Atlantic","url":"/#/submarine-cable/hibernia-atlantic"},{"value":"Hibernia Express","url":"/#/submarine-cable/hibernia-express"},{"value":"High-capacity Undersea Guernsey Optical-fibre (HUGO)","url":"/#/submarine-cable/high-capacity-undersea-guernsey-optical-fibre-hugo"},{"value":"Highbridge, United Kingdom","url":"/#/landing-point/highbridge-united-kingdom"},{"value":"Hillsboro, Oregon, United States","url":"/#/landing-point/hillsboro-oregon-united-states"},{"value":"Hithadhoo, Maldives","url":"/#/landing-point/hithadhoo-maldives"},{"value":"Hjørring, Denmark","url":"/#/landing-point/hjrring-denmark"},{"value":"Hokkaido-Sakhalin Cable System (HSCS)","url":"/#/submarine-cable/hokkaido-sakhalin-cable-system-hscs"},{"value":"Hollywood, Florida, United States","url":"/#/landing-point/hollywood-florida-united-states"},{"value":"Holyhead, United Kingdom","url":"/#/landing-point/holyhead-united-kingdom"},{"value":"Homer, Alaska, United States","url":"/#/landing-point/homer-alaska-united-states"},{"value":"Honiara, Solomon Islands","url":"/#/landing-point/honiara-solomon-islands"},{"value":"Honotua","url":"/#/submarine-cable/honotua"},{"value":"Huahine, French Polynesia","url":"/#/landing-point/huahine-french-polynesia"},{"value":"Hudishibana, Aruba","url":"/#/landing-point/hudishibana-aruba"},{"value":"Hulhumale, Maldives","url":"/#/landing-point/hulhumale-maldives"},{"value":"i2i Cable Network (i2icn)","url":"/#/submarine-cable/i2i-cable-network-i2icn"},{"value":"Igneada, Turkey","url":"/#/landing-point/igneada-turkey"},{"value":"Ijmuiden, Netherlands","url":"/#/landing-point/ijmuiden-netherlands"},{"value":"IMEWE","url":"/#/submarine-cable/imewe"},{"value":"INGRID","url":"/#/submarine-cable/ingrid"},{"value":"Interchange Cable Network 1 (ICN1)","url":"/#/submarine-cable/interchange-cable-network-1-icn1"},{"value":"Inverloch, Australia","url":"/#/landing-point/inverloch-australia"},{"value":"IP-Only Denmark-Sweden","url":"/#/submarine-cable/ip-only-denmark-sweden"},{"value":"Ishikari, Japan","url":"/#/landing-point/ishikari-japan"},{"value":"Isla Verde, Puerto Rico, United States","url":"/#/landing-point/isla-verde-puerto-rico-united-states"},{"value":"Island Park, New York, United States","url":"/#/landing-point/island-park-new-york-united-states"},{"value":"Istanbul, Turkey","url":"/#/landing-point/istanbul-turkey"},{"value":"Italy-Albania","url":"/#/submarine-cable/italy-albania"},{"value":"Italy-Croatia","url":"/#/submarine-cable/italy-croatia"},{"value":"Italy-Greece 1","url":"/#/submarine-cable/italy-greece-1"},{"value":"Italy-Libya","url":"/#/submarine-cable/italy-libya"},{"value":"Italy-Malta","url":"/#/submarine-cable/italy-malta"},{"value":"Italy-Monaco","url":"/#/submarine-cable/italy-monaco"},{"value":"Jacksonville, Florida, United States","url":"/#/landing-point/jacksonville-florida-united-states"},{"value":"JaKa2LaDeMa","url":"/#/submarine-cable/jaka2ladema"},{"value":"JAKABARE","url":"/#/submarine-cable/jakabare"},{"value":"Jakarta, Indonesia","url":"/#/landing-point/jakarta-indonesia"},{"value":"Janna","url":"/#/submarine-cable/janna"},{"value":"Japan-U.S. Cable Network (JUS)","url":"/#/submarine-cable/japan-u-s-cable-network-jus"},{"value":"Jarry, Guadeloupe","url":"/#/landing-point/jarry-guadeloupe"},{"value":"Jask, Iran","url":"/#/landing-point/jask-iran"},{"value":"Jeddah, Saudi Arabia","url":"/#/landing-point/jeddah-saudi-arabia"},{"value":"Jerry Newton","url":"/#/submarine-cable/jerry-newton"},{"value":"Jimbaran, Indonesia","url":"/#/landing-point/jimbaran-indonesia"},{"value":"Jonah","url":"/#/submarine-cable/jonah"},{"value":"Juneau, Alaska, United States","url":"/#/landing-point/juneau-alaska-united-states"},{"value":"KAFOS","url":"/#/submarine-cable/kafos"},{"value":"Kahe Point, Hawaii, United States","url":"/#/landing-point/kahe-point-hawaii-united-states"},{"value":"Kaliko, Haiti","url":"/#/landing-point/kaliko-haiti"},{"value":"Karachi, Pakistan","url":"/#/landing-point/karachi-pakistan"},{"value":"Katong, Singapore","url":"/#/landing-point/katong-singapore"},{"value":"Kattegat 1","url":"/#/submarine-cable/kattegat-1"},{"value":"Kattegat 2","url":"/#/submarine-cable/kattegat-2"},{"value":"Katthammarsvik, Sweden","url":"/#/landing-point/katthammarsvik-sweden"},{"value":"Katwijk, Netherlands","url":"/#/landing-point/katwijk-netherlands"},{"value":"Kawaihae, Hawaii, United States","url":"/#/landing-point/kawaihae-hawaii-united-states"},{"value":"Kaweni, Mayotte","url":"/#/landing-point/kaweni-mayotte"},{"value":"Keawaula, Hawaii, United States","url":"/#/landing-point/keawaula-hawaii-united-states"},{"value":"Kelibia, Tunisia","url":"/#/landing-point/kelibia-tunisia"},{"value":"Kenai, Alaska, United States","url":"/#/landing-point/kenai-alaska-united-states"},{"value":"Keoje, Korea, Rep.","url":"/#/landing-point/keoje-korea-rep-"},{"value":"Ketapang, Indonesia","url":"/#/landing-point/ketapang-indonesia"},{"value":"Ketchikan, Alaska, United States","url":"/#/landing-point/ketchikan-alaska-united-states"},{"value":"Khark Island, Iran","url":"/#/landing-point/khark-island-iran"},{"value":"Khasab, Oman","url":"/#/landing-point/khasab-oman"},{"value":"Killala, Ireland","url":"/#/landing-point/killala-ireland"},{"value":"Kilmore Quay, Ireland","url":"/#/landing-point/kilmore-quay-ireland"},{"value":"Kingston, Grenada","url":"/#/landing-point/kingston-grenada"},{"value":"Kingston, Jamaica","url":"/#/landing-point/kingston-jamaica"},{"value":"Kingstown, Saint Vincent and the Grenadines","url":"/#/landing-point/kingstown-saint-vincent-and-the-grenadines"},{"value":"Kita-kyushu, Japan","url":"/#/landing-point/kita-kyushu-japan"},{"value":"Kitaibaraki, Japan","url":"/#/landing-point/kitaibaraki-japan"},{"value":"Klagshamn, Sweden","url":"/#/landing-point/klagshamn-sweden"},{"value":"Kodiak Kenai Fiber Link (KKFL)","url":"/#/submarine-cable/kodiak-kenai-fiber-link-kkfl"},{"value":"Kodiak, Alaska, United States","url":"/#/landing-point/kodiak-alaska-united-states"},{"value":"Kokkini, Greece","url":"/#/landing-point/kokkini-greece"},{"value":"Kolobrzeg, Poland","url":"/#/landing-point/kolobrzeg-poland"},{"value":"Korea-Japan Cable Network (KJCN)","url":"/#/submarine-cable/korea-japan-cable-network-kjcn"},{"value":"Korsor, Denmark","url":"/#/landing-point/korsor-denmark"},{"value":"Kotka, Finland","url":"/#/landing-point/kotka-finland"},{"value":"Kralendijk, Bonaire, Netherlands","url":"/#/landing-point/kralendijk-bonaire-netherlands"},{"value":"Kribi, Cameroon","url":"/#/landing-point/kribi-cameroon"},{"value":"Kristiansand, Norway","url":"/#/landing-point/kristiansand-norway"},{"value":"Kristinelund, Sweden","url":"/#/landing-point/kristinelund-sweden"},{"value":"Kuala Tungkal, Indonesia","url":"/#/landing-point/kuala-tungkal-indonesia"},{"value":"Kuantan, Malaysia","url":"/#/landing-point/kuantan-malaysia"},{"value":"Kulhudhufushi, Maldives","url":"/#/landing-point/kulhudhufushi-maldives"},{"value":"Kungsbacka, Sweden","url":"/#/landing-point/kungsbacka-sweden"},{"value":"Kupang, Indonesia","url":"/#/landing-point/kupang-indonesia"},{"value":"Kuwait City, Kuwait","url":"/#/landing-point/kuwait-city-kuwait"},{"value":"Kuwait-Iran","url":"/#/submarine-cable/kuwait-iran"},{"value":"Kwajalein, Republic of Marshall Islands","url":"/#/landing-point/kwajalein-republic-of-marshall-islands"},{"value":"Kärdla, Estonia","url":"/#/landing-point/krdla-estonia"},{"value":"Kårstø, Norway","url":"/#/landing-point/krst-norway"},{"value":"L'Ancresse Bay, Guernsey","url":"/#/landing-point/lancresse-bay-guernsey"},{"value":"La Guaira, Venezuela","url":"/#/landing-point/la-guaira-venezuela"},{"value":"La Palma, Canary Islands, Spain","url":"/#/landing-point/la-palma-canary-islands-spain"},{"value":"La Seyne, France","url":"/#/landing-point/la-seyne-france"},{"value":"Lagos, Nigeria","url":"/#/landing-point/lagos-nigeria"},{"value":"Lake Ci, Taiwan","url":"/#/landing-point/lake-ci-taiwan"},{"value":"Landeyjar, Iceland","url":"/#/landing-point/landeyjar-iceland"},{"value":"Landeyjasandur, Iceland","url":"/#/landing-point/landeyjasandur-iceland"},{"value":"Lanis-1","url":"/#/submarine-cable/lanis-1"},{"value":"Lanis-2","url":"/#/submarine-cable/lanis-2"},{"value":"Lannion, France","url":"/#/landing-point/lannion-france"},{"value":"Lantau Island, Hong Kong","url":"/#/landing-point/lantau-island-hong-kong"},{"value":"Larne, United Kingdom","url":"/#/landing-point/larne-united-kingdom"},{"value":"Las Caletillas, Spain","url":"/#/landing-point/las-caletillas-spain"},{"value":"Las Toninas, Argentina","url":"/#/landing-point/las-toninas-argentina"},{"value":"Latvia-Sweden 1 (LV-SE 1)","url":"/#/submarine-cable/latvia-sweden-1-lv-se-1"},{"value":"Le Lamentin, Martinique","url":"/#/landing-point/le-lamentin-martinique"},{"value":"Lena Point, Alaska, United States","url":"/#/landing-point/lena-point-alaska-united-states"},{"value":"Lev Submarine System","url":"/#/submarine-cable/lev-submarine-system"},{"value":"LFON (Libyan Fiber Optic Network)","url":"/#/submarine-cable/lfon-libyan-fiber-optic-network"},{"value":"Libreville, Gabon","url":"/#/landing-point/libreville-gabon"},{"value":"Libreville-Port Gentil Cable","url":"/#/submarine-cable/libreville-port-gentil-cable"},{"value":"Liepaja, Latvia","url":"/#/landing-point/liepaja-latvia"},{"value":"Lima, Peru","url":"/#/landing-point/lima-peru"},{"value":"Limbe, Cameroon","url":"/#/landing-point/limbe-cameroon"},{"value":"Lisbon, Portugal","url":"/#/landing-point/lisbon-portugal"},{"value":"Logi, Russia","url":"/#/landing-point/logi-russia"},{"value":"Lome, Togo","url":"/#/landing-point/lome-togo"},{"value":"Longyearbyen, Svalbard, Norway","url":"/#/landing-point/longyearbyen-svalbard-norway"},{"value":"Los Angeles, California, United States","url":"/#/landing-point/los-angeles-california-united-states"},{"value":"Loukkos","url":"/#/submarine-cable/loukkos"},{"value":"Lower Indian Ocean Network (LION)","url":"/#/submarine-cable/lower-indian-ocean-network-lion"},{"value":"Lower Indian Ocean Network 2 (LION2)","url":"/#/submarine-cable/lower-indian-ocean-network-2-lion2"},{"value":"Lowestoft, United Kingdom","url":"/#/landing-point/lowestoft-united-kingdom"},{"value":"Luanda, Angola","url":"/#/landing-point/luanda-angola"},{"value":"Lucira, Angola","url":"/#/landing-point/lucira-angola"},{"value":"Lurin, Peru","url":"/#/landing-point/lurin-peru"},{"value":"Lusk, Ireland","url":"/#/landing-point/lusk-ireland"},{"value":"Lyngsa, Denmark","url":"/#/landing-point/lyngsa-denmark"},{"value":"Lynn, Massachusetts, United States","url":"/#/landing-point/lynn-massachusetts-united-states"},{"value":"Lynnwood, Washington, United States","url":"/#/landing-point/lynnwood-washington-united-states"},{"value":"L’Île-Rousse, France","url":"/#/landing-point/lle-rousse-france"},{"value":"Madang, Papua New Guinea","url":"/#/landing-point/madang-papua-new-guinea"},{"value":"Magen's Bay, VI, United States","url":"/#/landing-point/magens-bay-vi-united-states"},{"value":"Main One","url":"/#/submarine-cable/main-one"},{"value":"Maiquetia, Venezuela","url":"/#/landing-point/maiquetia-venezuela"},{"value":"Majuro, Republic of Marshall Islands","url":"/#/landing-point/majuro-republic-of-marshall-islands"},{"value":"Makaha, Hawaii, United States","url":"/#/landing-point/makaha-hawaii-united-states"},{"value":"Malabo, Equatorial Guinea","url":"/#/landing-point/malabo-equatorial-guinea"},{"value":"Malaysia-Cambodia-Thailand (MCT) Cable","url":"/#/submarine-cable/malaysia-cambodia-thailand-mct-cable"},{"value":"Maldonado, Uruguay","url":"/#/landing-point/maldonado-uruguay"},{"value":"Male, Maldives","url":"/#/landing-point/male-maldives"},{"value":"Manama, Bahrain","url":"/#/landing-point/manama-bahrain"},{"value":"Manasquan, New Jersey, United States","url":"/#/landing-point/manasquan-new-jersey-united-states"},{"value":"Manchester, California, United States","url":"/#/landing-point/manchester-california-united-states"},{"value":"Mancora, Peru","url":"/#/landing-point/mancora-peru"},{"value":"Mangalia, Romania","url":"/#/landing-point/mangalia-romania"},{"value":"Manta, Ecuador","url":"/#/landing-point/manta-ecuador"},{"value":"Maputo, Mozambique","url":"/#/landing-point/maputo-mozambique"},{"value":"Maria Chiquita, Panama","url":"/#/landing-point/maria-chiquita-panama"},{"value":"Mariana-Guam Cable","url":"/#/submarine-cable/mariana-guam-cable"},{"value":"Mariehamn, Finland","url":"/#/landing-point/mariehamn-finland"},{"value":"Markgrafenheide, Germany","url":"/#/landing-point/markgrafenheide-germany"},{"value":"Marmaris, Turkey","url":"/#/landing-point/marmaris-turkey"},{"value":"Marseille, France","url":"/#/landing-point/marseille-france"},{"value":"Maruyama, Japan","url":"/#/landing-point/maruyama-japan"},{"value":"Mataram Kupang Cable System (MKCS)","url":"/#/submarine-cable/mataram-kupang-cable-system-mkcs"},{"value":"Mataram, Indonesia","url":"/#/landing-point/mataram-indonesia"},{"value":"Matrix Cable System","url":"/#/submarine-cable/matrix-cable-system"},{"value":"Matthew Town, Bahamas","url":"/#/landing-point/matthew-town-bahamas"},{"value":"Maya-1","url":"/#/submarine-cable/maya-1"},{"value":"Mayaguana, Bahamas","url":"/#/landing-point/mayaguana-bahamas"},{"value":"Maywick, United Kingdom","url":"/#/landing-point/maywick-united-kingdom"},{"value":"Mazara del Vallo, Italy","url":"/#/landing-point/mazara-del-vallo-italy"},{"value":"Mazatlán, Mexico","url":"/#/landing-point/mazatln-mexico"},{"value":"McGaurans Beach, Australia","url":"/#/landing-point/mcgaurans-beach-australia"},{"value":"Med Cable Network","url":"/#/submarine-cable/med-cable-network"},{"value":"Medan, Indonesia","url":"/#/landing-point/medan-indonesia"},{"value":"MedNautilus Submarine System","url":"/#/submarine-cable/mednautilus-submarine-system"},{"value":"Melaka, Malaysia","url":"/#/landing-point/melaka-malaysia"},{"value":"Melita 1","url":"/#/submarine-cable/melita-1"},{"value":"Melkbosstrand, South Africa","url":"/#/landing-point/melkbosstrand-south-africa"},{"value":"Meremöisa, Estonia","url":"/#/landing-point/meremisa-estonia"},{"value":"Mersin, Turkey","url":"/#/landing-point/mersin-turkey"},{"value":"Mersing, Malaysia","url":"/#/landing-point/mersing-malaysia"},{"value":"Mestre, Italy","url":"/#/landing-point/mestre-italy"},{"value":"Miami, Florida, United States","url":"/#/landing-point/miami-florida-united-states"},{"value":"Mid-Atlantic Crossing (MAC)","url":"/#/submarine-cable/mid-atlantic-crossing-mac"},{"value":"Middle East North Africa (MENA) Cable System/Gulf Bridge International","url":"/#/submarine-cable/middle-east-north-africa-mena-cable-systemgulf-bridge-international"},{"value":"Mielno, Poland","url":"/#/landing-point/mielno-poland"},{"value":"Milton, Newfoundland and Labrador, Canada","url":"/#/landing-point/milton-newfoundland-and-labrador-canada"},{"value":"Miramar, Puerto Rico, United States","url":"/#/landing-point/miramar-puerto-rico-united-states"},{"value":"Misurata, Libya","url":"/#/landing-point/misurata-libya"},{"value":"Miura, Japan","url":"/#/landing-point/miura-japan"},{"value":"Mombasa, Kenya","url":"/#/landing-point/mombasa-kenya"},{"value":"Monaco, Monaco","url":"/#/landing-point/monaco-monaco"},{"value":"Monrovia, Liberia","url":"/#/landing-point/monrovia-liberia"},{"value":"Monte Carlo, Monaco","url":"/#/landing-point/monte-carlo-monaco"},{"value":"Moorea, French Polynesia","url":"/#/landing-point/moorea-french-polynesia"},{"value":"Morant Point, Jamaica","url":"/#/landing-point/morant-point-jamaica"},{"value":"Moratelindo International Cable System-1 (MIC-1)","url":"/#/submarine-cable/moratelindo-international-cable-system-1-mic-1"},{"value":"Moroni, Comoros","url":"/#/landing-point/moroni-comoros"},{"value":"Morro Bay, California, United States","url":"/#/landing-point/morro-bay-california-united-states"},{"value":"Mosede, Denmark","url":"/#/landing-point/mosede-denmark"},{"value":"Mouly, New Caledonia","url":"/#/landing-point/mouly-new-caledonia"},{"value":"Msida, Malta","url":"/#/landing-point/msida-malta"},{"value":"Mt. Lavinia, Sri Lanka","url":"/#/landing-point/mt-lavinia-sri-lanka"},{"value":"Mtunzini, South Africa","url":"/#/landing-point/mtunzini-south-africa"},{"value":"Muanda, Congo, Dem. Rep.","url":"/#/landing-point/muanda-congo-dem-rep-"},{"value":"Mumbai, India","url":"/#/landing-point/mumbai-india"},{"value":"Murdoch, Norway","url":"/#/landing-point/murdoch-norway"},{"value":"Muscat, Oman","url":"/#/landing-point/muscat-oman"},{"value":"Mutsamudu, Comoros","url":"/#/landing-point/mutsamudu-comoros"},{"value":"N'zeto, Angola","url":"/#/landing-point/nzeto-angola"},{"value":"Nahariyya, Israel","url":"/#/landing-point/nahariyya-israel"},{"value":"Nakhodka, Russia","url":"/#/landing-point/nakhodka-russia"},{"value":"Namibe, Angola","url":"/#/landing-point/namibe-angola"},{"value":"Nanhui, China","url":"/#/landing-point/nanhui-china"},{"value":"Nanny Cay, Virgin Islands (U.K.)","url":"/#/landing-point/nanny-cay-virgin-islands-u-k-"},{"value":"Naoetsu, Japan","url":"/#/landing-point/naoetsu-japan"},{"value":"Narrow Cape, Alaska, United States","url":"/#/landing-point/narrow-cape-alaska-united-states"},{"value":"Nassau, Bahamas","url":"/#/landing-point/nassau-bahamas"},{"value":"Nasugbu, Philippines","url":"/#/landing-point/nasugbu-philippines"},{"value":"Nedonna Beach, Oregon, United States","url":"/#/landing-point/nedonna-beach-oregon-united-states"},{"value":"Needham’s Point, Barbados","url":"/#/landing-point/needhams-point-barbados"},{"value":"Nevelsk, Russia","url":"/#/landing-point/nevelsk-russia"},{"value":"New Victoria, NS, Canada","url":"/#/landing-point/new-victoria-ns-canada"},{"value":"New York, New York, United States","url":"/#/landing-point/new-york-new-york-united-states"},{"value":"Nikiski, Alaska, United States","url":"/#/landing-point/nikiski-alaska-united-states"},{"value":"Ninomiya, Japan","url":"/#/landing-point/ninomiya-japan"},{"value":"Norden, Germany","url":"/#/landing-point/norden-germany"},{"value":"Noro, Solomon Islands","url":"/#/landing-point/noro-solomon-islands"},{"value":"Norrtalge, Sweden","url":"/#/landing-point/norrtalge-sweden"},{"value":"NorSea Com","url":"/#/submarine-cable/norsea-com"},{"value":"North Miami Beach, Florida, United States","url":"/#/landing-point/north-miami-beach-florida-united-states"},{"value":"North Salina, Bonaire, Netherlands","url":"/#/landing-point/north-salina-bonaire-netherlands"},{"value":"Northport, New York, United States","url":"/#/landing-point/northport-new-york-united-states"},{"value":"NorthStar","url":"/#/submarine-cable/northstar"},{"value":"Nouakchott, Mauritania","url":"/#/landing-point/nouakchott-mauritania"},{"value":"Noumea, New Caledonia","url":"/#/landing-point/noumea-new-caledonia"},{"value":"Novorossiysk, Russia","url":"/#/landing-point/novorossiysk-russia"},{"value":"Nuku'alofa, Tonga","url":"/#/landing-point/nukualofa-tonga"},{"value":"Nuuk, Greenland","url":"/#/landing-point/nuuk-greenland"},{"value":"Nyali, Kenya","url":"/#/landing-point/nyali-kenya"},{"value":"Nybor, Denmark","url":"/#/landing-point/nybor-denmark"},{"value":"Nynashamn, Sweden","url":"/#/landing-point/nynashamn-sweden"},{"value":"Oahu, Hawaii, United States","url":"/#/landing-point/oahu-hawaii-united-states"},{"value":"Ocho Rios, Jamaica","url":"/#/landing-point/ocho-rios-jamaica"},{"value":"Okinawa, Japan","url":"/#/landing-point/okinawa-japan"},{"value":"Olbia, Italy","url":"/#/landing-point/olbia-italy"},{"value":"OMRAN/EPEG Cable System","url":"/#/submarine-cable/omranepeg-cable-system"},{"value":"Onslow, Australia","url":"/#/landing-point/onslow-australia"},{"value":"Oran, Algeria","url":"/#/landing-point/oran-algeria"},{"value":"Oran-Valencia (ORVAL)","url":"/#/submarine-cable/oran-valencia-orval"},{"value":"Ostend, Belgium","url":"/#/landing-point/ostend-belgium"},{"value":"Osterby, Denmark","url":"/#/landing-point/osterby-denmark"},{"value":"Otranto, Italy","url":"/#/landing-point/otranto-italy"},{"value":"Oxford Falls, Australia","url":"/#/landing-point/oxford-falls-australia"},{"value":"Oxwich Bay, United Kingdom","url":"/#/landing-point/oxwich-bay-united-kingdom"},{"value":"Pa Li, Taiwan","url":"/#/landing-point/pa-li-taiwan"},{"value":"Pacific Caribbean Cable System (PCCS)","url":"/#/submarine-cable/pacific-caribbean-cable-system-pccs"},{"value":"Pacific City, OR, United States","url":"/#/landing-point/pacific-city-or-united-states"},{"value":"Pacific Crossing-1 (PC-1)","url":"/#/submarine-cable/pacific-crossing-1-pc-1"},{"value":"Paddington, Australia","url":"/#/landing-point/paddington-australia"},{"value":"Paget, Bermuda","url":"/#/landing-point/paget-bermuda"},{"value":"Pago Pago, American Samoa","url":"/#/landing-point/pago-pago-american-samoa"},{"value":"Palawa-Iloilo Cable System","url":"/#/submarine-cable/palawa-iloilo-cable-system"},{"value":"Palermo, Italy","url":"/#/landing-point/palermo-italy"},{"value":"Palma, Spain","url":"/#/landing-point/palma-spain"},{"value":"Palmarejo, Cape Verde","url":"/#/landing-point/palmarejo-cape-verde"},{"value":"Pan American (PAN-AM)","url":"/#/submarine-cable/pan-american-pan-am"},{"value":"Pan European Crossing (UK-Belgium)","url":"/#/submarine-cable/pan-european-crossing-uk-belgium"},{"value":"Pan European Crossing (UK-Ireland)","url":"/#/submarine-cable/pan-european-crossing-uk-ireland"},{"value":"Pan-American Crossing (PAC)","url":"/#/submarine-cable/pan-american-crossing-pac"},{"value":"Panama City, Panama","url":"/#/landing-point/panama-city-panama"},{"value":"Pangea Baltic Ring","url":"/#/submarine-cable/pangea-baltic-ring"},{"value":"Pankalan, Indonesia","url":"/#/landing-point/pankalan-indonesia"},{"value":"Papenoo, French Polynesia","url":"/#/landing-point/papenoo-french-polynesia"},{"value":"Paphos, Cyprus","url":"/#/landing-point/paphos-cyprus"},{"value":"Pargas, Finland","url":"/#/landing-point/pargas-finland"},{"value":"PCCS/Alonso de Ojeda II","url":"/#/submarine-cable/pccsalonso-de-ojeda-ii"},{"value":"Pedersker, Denmark","url":"/#/landing-point/pedersker-denmark"},{"value":"Peel, United Kingdom","url":"/#/landing-point/peel-united-kingdom"},{"value":"Pembroke, United Kingdom","url":"/#/landing-point/pembroke-united-kingdom"},{"value":"Penang, Malaysia","url":"/#/landing-point/penang-malaysia"},{"value":"PENBAL-5","url":"/#/submarine-cable/penbal-5"},{"value":"Pencan-6","url":"/#/submarine-cable/pencan-6"},{"value":"Pencan-8","url":"/#/submarine-cable/pencan-8"},{"value":"Penmarch, France","url":"/#/landing-point/penmarch-france"},{"value":"Pennant Point, NS, Canada","url":"/#/landing-point/pennant-point-ns-canada"},{"value":"Pentaskhinos, Cyprus","url":"/#/landing-point/pentaskhinos-cyprus"},{"value":"Perseid","url":"/#/submarine-cable/perseid"},{"value":"Persona","url":"/#/submarine-cable/persona"},{"value":"Perth, Australia","url":"/#/landing-point/perth-australia"},{"value":"Petersburg, Alaska, United States","url":"/#/landing-point/petersburg-alaska-united-states"},{"value":"Pevensey Bay, United Kingdom","url":"/#/landing-point/pevensey-bay-united-kingdom"},{"value":"PGASCOM","url":"/#/submarine-cable/pgascom"},{"value":"Picot-1","url":"/#/submarine-cable/picot-1"},{"value":"Piedra Santa, Spain","url":"/#/landing-point/piedra-santa-spain"},{"value":"Pigeon Point, Trinidad and Tobago","url":"/#/landing-point/pigeon-point-trinidad-and-tobago"},{"value":"Pipe Pacific Cable-1 (PPC-1)","url":"/#/submarine-cable/pipe-pacific-cable-1-ppc-1"},{"value":"Pishgaman Oman Iran (POI) Network","url":"/#/submarine-cable/pishgaman-oman-iran-poi-network"},{"value":"Piti, Guam","url":"/#/landing-point/piti-guam"},{"value":"Plerin, France","url":"/#/landing-point/plerin-france"},{"value":"Plymouth, Montserrat","url":"/#/landing-point/plymouth-montserrat"},{"value":"Pohnpei, Federated States of Micronesia","url":"/#/landing-point/pohnpei-federated-states-of-micronesia"},{"value":"Poindimie, New Caledonia","url":"/#/landing-point/poindimie-new-caledonia"},{"value":"Point Noire, Congo, Rep.","url":"/#/landing-point/point-noire-congo-rep-"},{"value":"Pointe-a-Pitre, Guadeloupe","url":"/#/landing-point/pointe-a-pitre-guadeloupe"},{"value":"Polaris","url":"/#/submarine-cable/polaris"},{"value":"Ponta Delgada, Portugal","url":"/#/landing-point/ponta-delgada-portugal"},{"value":"Pontianak, Indonesia","url":"/#/landing-point/pontianak-indonesia"},{"value":"Port Gentil, Gabon","url":"/#/landing-point/port-gentil-gabon"},{"value":"Port Grenaugh, United Kingdom","url":"/#/landing-point/port-grenaugh-united-kingdom"},{"value":"Port Nelson, Bahamas","url":"/#/landing-point/port-nelson-bahamas"},{"value":"Port of Spain, Trinidad and Tobago","url":"/#/landing-point/port-of-spain-trinidad-and-tobago"},{"value":"Port Sudan, Sudan","url":"/#/landing-point/port-sudan-sudan"},{"value":"Port Vila, Vanuatu","url":"/#/landing-point/port-vila-vanuatu"},{"value":"Port-au-Prince, Haiti","url":"/#/landing-point/port-au-prince-haiti"},{"value":"Portbail, France","url":"/#/landing-point/portbail-france"},{"value":"Porthcurno, United Kingdom","url":"/#/landing-point/porthcurno-united-kingdom"},{"value":"Porto Amboim, Angola","url":"/#/landing-point/porto-amboim-angola"},{"value":"Porto Santo, Madeira, Portugal","url":"/#/landing-point/porto-santo-madeira-portugal"},{"value":"Portpatrick, United Kingdom","url":"/#/landing-point/portpatrick-united-kingdom"},{"value":"POSEIDON","url":"/#/submarine-cable/poseidon"},{"value":"Poti, Georgia","url":"/#/landing-point/poti-georgia"},{"value":"Pottington, United Kingdom","url":"/#/landing-point/pottington-united-kingdom"},{"value":"Pozzallo, Italy","url":"/#/landing-point/pozzallo-italy"},{"value":"Praia, Cape Verde","url":"/#/landing-point/praia-cape-verde"},{"value":"Providenciales, Turks and Caicos Islands","url":"/#/landing-point/providenciales-turks-and-caicos-islands"},{"value":"Prudhoe Bay, Alaska, United States","url":"/#/landing-point/prudhoe-bay-alaska-united-states"},{"value":"Puerto Barrios, Guatemala","url":"/#/landing-point/puerto-barrios-guatemala"},{"value":"Puerto Cabezas, Nicaragua","url":"/#/landing-point/puerto-cabezas-nicaragua"},{"value":"Puerto Chacabuco, Chile","url":"/#/landing-point/puerto-chacabuco-chile"},{"value":"Puerto Cortes, Honduras","url":"/#/landing-point/puerto-cortes-honduras"},{"value":"Puerto Lempira, Honduras","url":"/#/landing-point/puerto-lempira-honduras"},{"value":"Puerto Limon, Costa Rica","url":"/#/landing-point/puerto-limon-costa-rica"},{"value":"Puerto Plata, Dominican Republic","url":"/#/landing-point/puerto-plata-dominican-republic"},{"value":"Puerto San Jose, Guatemala","url":"/#/landing-point/puerto-san-jose-guatemala"},{"value":"Puerto Viejo, Venezuela","url":"/#/landing-point/puerto-viejo-venezuela"},{"value":"Punta Cana, Dominican Republic","url":"/#/landing-point/punta-cana-dominican-republic"},{"value":"Punta Carnero, Ecuador","url":"/#/landing-point/punta-carnero-ecuador"},{"value":"Punto Fijo, Venezuela","url":"/#/landing-point/punto-fijo-venezuela"},{"value":"Pusan, Korea, Rep.","url":"/#/landing-point/pusan-korea-rep-"},{"value":"Puttgarden, Germany","url":"/#/landing-point/puttgarden-germany"},{"value":"Pyapon, Myanmar","url":"/#/landing-point/pyapon-myanmar"},{"value":"Qalhat, Oman","url":"/#/landing-point/qalhat-oman"},{"value":"Qaqortoq, Greenland","url":"/#/landing-point/qaqortoq-greenland"},{"value":"Qatar-UAE Submarine Cable System","url":"/#/submarine-cable/qatar-uae-submarine-cable-system"},{"value":"Qingdao, China","url":"/#/landing-point/qingdao-china"},{"value":"Quellon, Chile","url":"/#/landing-point/quellon-chile"},{"value":"Quellon-Puerto Chacabuco","url":"/#/submarine-cable/quellon-puerto-chacabuco"},{"value":"Ras Lanuf, Libya","url":"/#/landing-point/ras-lanuf-libya"},{"value":"Ratmalana, Sri Lanka","url":"/#/landing-point/ratmalana-sri-lanka"},{"value":"Redondo Beach, California, United States","url":"/#/landing-point/redondo-beach-california-united-states"},{"value":"Rengit, Malaysia","url":"/#/landing-point/rengit-malaysia"},{"value":"Ribnitz, Germany","url":"/#/landing-point/ribnitz-germany"},{"value":"Riding Point, Bahamas","url":"/#/landing-point/riding-point-bahamas"},{"value":"Rio de Janeiro, Brazil","url":"/#/landing-point/rio-de-janeiro-brazil"},{"value":"Riohacha, Colombia","url":"/#/landing-point/riohacha-colombia"},{"value":"Rodbyhavn, Denmark","url":"/#/landing-point/rodbyhavn-denmark"},{"value":"Rodney Bay, Saint Lucia","url":"/#/landing-point/rodney-bay-saint-lucia"},{"value":"Rose Blanche, NL, Canada","url":"/#/landing-point/rose-blanche-nl-canada"},{"value":"Roseau, Dominica","url":"/#/landing-point/roseau-dominica"},{"value":"Rostock, Germany","url":"/#/landing-point/rostock-germany"},{"value":"Rota, Northern Mariana Islands","url":"/#/landing-point/rota-northern-mariana-islands"},{"value":"Rota, Spain","url":"/#/landing-point/rota-spain"},{"value":"Russia-Japan Cable Network (RJCN)","url":"/#/submarine-cable/russia-japan-cable-network-rjcn"},{"value":"Russian Optical Trans-Arctic Cable System (ROTACS)","url":"/#/submarine-cable/russian-optical-trans-arctic-cable-system-rotacs"},{"value":"Saeby, Denmark","url":"/#/landing-point/saeby-denmark"},{"value":"SAFE","url":"/#/submarine-cable/safe"},{"value":"Saida, Lebanon","url":"/#/landing-point/saida-lebanon"},{"value":"Saint Barthelemy, Guadeloupe","url":"/#/landing-point/saint-barthelemy-guadeloupe"},{"value":"Saint Maarten Puerto Rico Network One (SMPR-1)","url":"/#/submarine-cable/saint-maarten-puerto-rico-network-one-smpr-1"},{"value":"Saint Maarten, Sint Maarten","url":"/#/landing-point/saint-maarten-sint-maarten"},{"value":"Saint Martin, Guadeloupe","url":"/#/landing-point/saint-martin-guadeloupe"},{"value":"Saint Paul, Réunion","url":"/#/landing-point/saint-paul-runion"},{"value":"Sainte Marie, Réunion","url":"/#/landing-point/sainte-marie-runion"},{"value":"Saints Bay, United Kingdom","url":"/#/landing-point/saints-bay-united-kingdom"},{"value":"Saipan, Northern Mariana Islands","url":"/#/landing-point/saipan-northern-mariana-islands"},{"value":"Sakra Island, Singapore","url":"/#/landing-point/sakra-island-singapore"},{"value":"Saltcoats, United Kingdom","url":"/#/landing-point/saltcoats-united-kingdom"},{"value":"Salvador, Brazil","url":"/#/landing-point/salvador-brazil"},{"value":"Samandag, Turkey","url":"/#/landing-point/samandag-turkey"},{"value":"Samoa-American Samoa (SAS)","url":"/#/submarine-cable/samoa-american-samoa-sas"},{"value":"San Jose de Buenavista, Philippines","url":"/#/landing-point/san-jose-de-buenavista-philippines"},{"value":"San Jose, Philippines","url":"/#/landing-point/san-jose-philippines"},{"value":"San Juan, Puerto Rico, United States","url":"/#/landing-point/san-juan-puerto-rico-united-states"},{"value":"San Luis Obispo, California, United States","url":"/#/landing-point/san-luis-obispo-california-united-states"},{"value":"Sandwick, United Kingdom","url":"/#/landing-point/sandwick-united-kingdom"},{"value":"Sandy Point, Australia","url":"/#/landing-point/sandy-point-australia"},{"value":"Sandy Point, Bahamas","url":"/#/landing-point/sandy-point-bahamas"},{"value":"Sandymount, Ireland","url":"/#/landing-point/sandymount-ireland"},{"value":"Sangano, Angola","url":"/#/landing-point/sangano-angola"},{"value":"Sangata, Indonesia","url":"/#/landing-point/sangata-indonesia"},{"value":"Santana, Sao Tome and Principe","url":"/#/landing-point/santana-sao-tome-and-principe"},{"value":"Santiago de Cuba, Cuba","url":"/#/landing-point/santiago-de-cuba-cuba"},{"value":"Santiago, Chile","url":"/#/landing-point/santiago-chile"},{"value":"Santo Domingo, Dominican Republic","url":"/#/landing-point/santo-domingo-dominican-republic"},{"value":"Santos, Brazil","url":"/#/landing-point/santos-brazil"},{"value":"Sao Mateus, Portugal","url":"/#/landing-point/sao-mateus-portugal"},{"value":"Saraemee, Indonesia","url":"/#/landing-point/saraemee-indonesia"},{"value":"SAT-3/WASC","url":"/#/submarine-cable/sat-3wasc"},{"value":"Satun, Thailand","url":"/#/landing-point/satun-thailand"},{"value":"Saudi Arabia-Sudan-1 (SAS-1)","url":"/#/submarine-cable/saudi-arabia-sudan-1-sas-1"},{"value":"Saudi Arabia-Sudan-2 (SAS-2)","url":"/#/submarine-cable/saudi-arabia-sudan-2-sas-2"},{"value":"Savona, Italy","url":"/#/landing-point/savona-italy"},{"value":"Scandinavian Ring North","url":"/#/submarine-cable/scandinavian-ring-north"},{"value":"Scandinavian Ring South","url":"/#/submarine-cable/scandinavian-ring-south"},{"value":"Schiehallion, United Kingdom","url":"/#/landing-point/schiehallion-united-kingdom"},{"value":"Scotland-Northern Ireland 1","url":"/#/submarine-cable/scotland-northern-ireland-1"},{"value":"Scotland-Northern Ireland 2","url":"/#/submarine-cable/scotland-northern-ireland-2"},{"value":"Seabras-1","url":"/#/submarine-cable/seabras-1"},{"value":"SEACOM/Tata TGN-Eurasia","url":"/#/submarine-cable/seacomtata-tgn-eurasia"},{"value":"SeaMeWe-3","url":"/#/submarine-cable/seamewe-3"},{"value":"SeaMeWe-4","url":"/#/submarine-cable/seamewe-4"},{"value":"Seattle, WA, United States","url":"/#/landing-point/seattle-wa-united-states"},{"value":"Seixal, Portugal","url":"/#/landing-point/seixal-portugal"},{"value":"Sennen Cove, United Kingdom","url":"/#/landing-point/sennen-cove-united-kingdom"},{"value":"Ses Covetes, Spain","url":"/#/landing-point/ses-covetes-spain"},{"value":"Sesimbra, Portugal","url":"/#/landing-point/sesimbra-portugal"},{"value":"Seward, Alaska, United States","url":"/#/landing-point/seward-alaska-united-states"},{"value":"Seychelles to East Africa System (SEAS)","url":"/#/submarine-cable/seychelles-to-east-africa-system-seas"},{"value":"Seydisfjordur, Iceland","url":"/#/landing-point/seydisfjordur-iceland"},{"value":"Shanghai, China","url":"/#/landing-point/shanghai-china"},{"value":"Shantou, China","url":"/#/landing-point/shantou-china"},{"value":"SHEFA-2","url":"/#/submarine-cable/shefa-2"},{"value":"Shima, Japan","url":"/#/landing-point/shima-japan"},{"value":"Shindu-Ri, Korea, Rep.","url":"/#/landing-point/shindu-ri-korea-rep-"},{"value":"Shirley, New York, United States","url":"/#/landing-point/shirley-new-york-united-states"},{"value":"Siboney, Cuba","url":"/#/landing-point/siboney-cuba"},{"value":"Sihanoukville, Cambodia","url":"/#/landing-point/sihanoukville-cambodia"},{"value":"Silecroft Beach, United Kingdom","url":"/#/landing-point/silecroft-beach-united-kingdom"},{"value":"Silphium","url":"/#/submarine-cable/silphium"},{"value":"Singapore, Singapore","url":"/#/landing-point/singapore-singapore"},{"value":"Sirius","url":"/#/submarine-cable/sirius"},{"value":"Sirius North","url":"/#/submarine-cable/sirius-north"},{"value":"Sirt, Libya","url":"/#/landing-point/sirt-libya"},{"value":"Sitka, Alaska, United States","url":"/#/landing-point/sitka-alaska-united-states"},{"value":"Sizewell, United Kingdom","url":"/#/landing-point/sizewell-united-kingdom"},{"value":"Skalvik, Sweden","url":"/#/landing-point/skalvik-sweden"},{"value":"Skewjack, United Kingdom","url":"/#/landing-point/skewjack-united-kingdom"},{"value":"Sochi, Russia","url":"/#/landing-point/sochi-russia"},{"value":"Solas","url":"/#/submarine-cable/solas"},{"value":"Solomons Oceanic Cable Network","url":"/#/submarine-cable/solomons-oceanic-cable-network"},{"value":"Songkhla, Thailand","url":"/#/landing-point/songkhla-thailand"},{"value":"Soroosh Platform, Iran","url":"/#/landing-point/soroosh-platform-iran"},{"value":"South America Pacific Link (SAPL)","url":"/#/submarine-cable/south-america-pacific-link-sapl"},{"value":"South America-1 (SAm-1)","url":"/#/submarine-cable/south-america-1-sam-1"},{"value":"South American Crossing (SAC)/Latin American Nautilus (LAN)","url":"/#/submarine-cable/south-american-crossing-saclatin-american-nautilus-lan"},{"value":"South Arne","url":"/#/landing-point/south-arne"},{"value":"South Atlantic Cable System (SACS)","url":"/#/submarine-cable/south-atlantic-cable-system-sacs"},{"value":"Southeast Asia Japan Cable (SJC)","url":"/#/submarine-cable/southeast-asia-japan-cable-sjc"},{"value":"Southern Cross Cable Network (SCCN)","url":"/#/submarine-cable/southern-cross-cable-network-sccn"},{"value":"Southport, United Kingdom","url":"/#/landing-point/southport-united-kingdom"},{"value":"Soyo, Angola","url":"/#/landing-point/soyo-angola"},{"value":"Spanish River Park, Florida, United States","url":"/#/landing-point/spanish-river-park-florida-united-states"},{"value":"Spencer Beach, Hawaii, United States","url":"/#/landing-point/spencer-beach-hawaii-united-states"},{"value":"Sri Racha, Thailand","url":"/#/landing-point/sri-racha-thailand"},{"value":"St. Croix, Virgin Islands, United States","url":"/#/landing-point/st-croix-virgin-islands-united-states"},{"value":"St. David’s, Bermuda","url":"/#/landing-point/st-davids-bermuda"},{"value":"St. George’s, Grenada","url":"/#/landing-point/st-georges-grenada"},{"value":"St. John’s, Antigua and Barbuda","url":"/#/landing-point/st-johns-antigua-and-barbuda"},{"value":"St. Ouens Bay, Jersey","url":"/#/landing-point/st-ouens-bay-jersey"},{"value":"St. Paul's Bay, Malta","url":"/#/landing-point/st-pauls-bay-malta"},{"value":"St. Thomas, Virgin Islands (U.S.)","url":"/#/landing-point/st-thomas-virgin-islands-u-s-"},{"value":"St. Thomas-St. Croix System","url":"/#/submarine-cable/st-thomas-st-croix-system"},{"value":"St. Valéry, France","url":"/#/landing-point/st-valry-france"},{"value":"Stanley, Australia","url":"/#/landing-point/stanley-australia"},{"value":"Stavsnas, Sweden","url":"/#/landing-point/stavsnas-sweden"},{"value":"Stockholm, Sweden","url":"/#/landing-point/stockholm-sweden"},{"value":"Subcan Link 1","url":"/#/submarine-cable/subcan-link-1"},{"value":"Subcan Link 2","url":"/#/submarine-cable/subcan-link-2"},{"value":"Suez, Egypt","url":"/#/landing-point/suez-egypt"},{"value":"Sumbawa Besar, Indonesia","url":"/#/landing-point/sumbawa-besar-indonesia"},{"value":"Sungai Kakap, Indonesia","url":"/#/landing-point/sungai-kakap-indonesia"},{"value":"Suriname-Guyana Submarine Cable System (SG-SCS)","url":"/#/submarine-cable/suriname-guyana-submarine-cable-system-sg-scs"},{"value":"Surville, France","url":"/#/landing-point/surville-france"},{"value":"Suva, Fiji","url":"/#/landing-point/suva-fiji"},{"value":"Svalbard Undersea Cable System","url":"/#/submarine-cable/svalbard-undersea-cable-system"},{"value":"Sventoji, Lithuania","url":"/#/landing-point/sventoji-lithuania"},{"value":"Swakopmund, Namibia","url":"/#/landing-point/swakopmund-namibia"},{"value":"Sweden-Estonia (EE-S 1)","url":"/#/submarine-cable/sweden-estonia-ee-s-1"},{"value":"Sweden-Finland 4 (SFS-4)","url":"/#/submarine-cable/sweden-finland-4-sfs-4"},{"value":"Sweden-Finland 6","url":"/#/submarine-cable/sweden-finland-6"},{"value":"Sweden-Finland Link (SFL)","url":"/#/submarine-cable/sweden-finland-link-sfl"},{"value":"Sydney, Australia","url":"/#/landing-point/sydney-australia"},{"value":"Sylt, Germany","url":"/#/landing-point/sylt-germany"},{"value":"TAGIDE 2","url":"/#/submarine-cable/tagide-2"},{"value":"Taino-Carib","url":"/#/submarine-cable/taino-carib"},{"value":"Taipa, China","url":"/#/landing-point/taipa-china"},{"value":"Taiwan Strait Express-1 (TSE)-1","url":"/#/submarine-cable/taiwan-strait-express-1-tse-1"},{"value":"Takapuna, New Zealand","url":"/#/landing-point/takapuna-new-zealand"},{"value":"Tallinn, Estonia","url":"/#/landing-point/tallinn-estonia"},{"value":"Tamares North","url":"/#/submarine-cable/tamares-north"},{"value":"Tanah Merah, Singapore","url":"/#/landing-point/tanah-merah-singapore"},{"value":"Tangerine","url":"/#/submarine-cable/tangerine"},{"value":"Tanguisson Point, Guam","url":"/#/landing-point/tanguisson-point-guam"},{"value":"Tanjung Bemban, Indonesia","url":"/#/landing-point/tanjung-bemban-indonesia"},{"value":"Tanjung Pakis, Indonesia","url":"/#/landing-point/tanjung-pakis-indonesia"},{"value":"Tanshui, Taiwan","url":"/#/landing-point/tanshui-taiwan"},{"value":"Tartous, Syria","url":"/#/landing-point/tartous-syria"},{"value":"Tasman Global Access (TGA) Cable","url":"/#/submarine-cable/tasman-global-access-tga-cable"},{"value":"Tasman-2","url":"/#/submarine-cable/tasman-2"},{"value":"TAT-14","url":"/#/submarine-cable/tat-14"},{"value":"Tata TGN-Atlantic","url":"/#/submarine-cable/tata-tgn-atlantic"},{"value":"Tata TGN-Gulf","url":"/#/submarine-cable/tata-tgn-gulf"},{"value":"Tata TGN-Intra Asia (TGN-IA)","url":"/#/submarine-cable/tata-tgn-intra-asia-tgn-ia"},{"value":"Tata TGN-Pacific","url":"/#/submarine-cable/tata-tgn-pacific"},{"value":"Tata TGN-Tata Indicom","url":"/#/submarine-cable/tata-tgn-tata-indicom"},{"value":"Tata TGN-Western Europe","url":"/#/submarine-cable/tata-tgn-western-europe"},{"value":"Taytay, Philippines","url":"/#/landing-point/taytay-philippines"},{"value":"TE North/TGN-Eurasia/SEACOM/Alexandros","url":"/#/submarine-cable/te-northtgn-eurasiaseacomalexandros"},{"value":"Tel Aviv, Israel","url":"/#/landing-point/tel-aviv-israel"},{"value":"Telisai, Brunei","url":"/#/landing-point/telisai-brunei"},{"value":"Telstra Endeavour","url":"/#/submarine-cable/telstra-endeavour"},{"value":"Tenerife, Canary Islands, Spain","url":"/#/landing-point/tenerife-canary-islands-spain"},{"value":"Tera Cora, Curaçao","url":"/#/landing-point/tera-cora-curaao"},{"value":"Terberka, Russia","url":"/#/landing-point/terberka-russia"},{"value":"Terre Rouge, Mauritius","url":"/#/landing-point/terre-rouge-mauritius"},{"value":"Thailand-Indonesia-Singapore (TIS)","url":"/#/submarine-cable/thailand-indonesia-singapore-tis"},{"value":"The East African Marine System (TEAMS)","url":"/#/submarine-cable/the-east-african-marine-system-teams"},{"value":"The Valley, Anguilla","url":"/#/landing-point/the-valley-anguilla"},{"value":"Thisted, Denmark","url":"/#/landing-point/thisted-denmark"},{"value":"Thorpeness, United Kingdom","url":"/#/landing-point/thorpeness-united-kingdom"},{"value":"Tijuana, Mexico","url":"/#/landing-point/tijuana-mexico"},{"value":"Tinian, Northern Mariana Islands","url":"/#/landing-point/tinian-northern-mariana-islands"},{"value":"Tjornuvik, Faeroe Islands","url":"/#/landing-point/tjornuvik-faeroe-islands"},{"value":"Toamasina, Madagascar","url":"/#/landing-point/toamasina-madagascar"},{"value":"Tobrok, Libya","url":"/#/landing-point/tobrok-libya"},{"value":"Tobrok-Emasaed Cable System","url":"/#/submarine-cable/tobrok-emasaed-cable-system"},{"value":"Toco, Trinidad and Tobago","url":"/#/landing-point/toco-trinidad-and-tobago"},{"value":"Toliary, Madagascar","url":"/#/landing-point/toliary-madagascar"},{"value":"Tolmeta, Libya","url":"/#/landing-point/tolmeta-libya"},{"value":"Tolu, Colombia","url":"/#/landing-point/tolu-colombia"},{"value":"Tong Fuk, Hong Kong","url":"/#/landing-point/tong-fuk-hong-kong"},{"value":"Tonga Cable","url":"/#/submarine-cable/tonga-cable"},{"value":"Torshavn, Faeroe Islands","url":"/#/landing-point/torshavn-faeroe-islands"},{"value":"Tortola, Virgin Islands (U.K.)","url":"/#/landing-point/tortola-virgin-islands-u-k-"},{"value":"Totness, Suriname","url":"/#/landing-point/totness-suriname"},{"value":"Toucheng, Taiwan","url":"/#/landing-point/toucheng-taiwan"},{"value":"Toweli, Indonesia","url":"/#/landing-point/toweli-indonesia"},{"value":"Toyohashi, Japan","url":"/#/landing-point/toyohashi-japan"},{"value":"Trablous, Lebanon","url":"/#/landing-point/trablous-lebanon"},{"value":"Trans-Pacific Express (TPE) Cable System","url":"/#/submarine-cable/trans-pacific-express-tpe-cable-system"},{"value":"Transworld (TW1)","url":"/#/submarine-cable/transworld-tw1"},{"value":"Trapani, Italy","url":"/#/landing-point/trapani-italy"},{"value":"Trapani-Kelibia","url":"/#/submarine-cable/trapani-kelibia"},{"value":"Tricomo, Cyprus","url":"/#/landing-point/tricomo-cyprus"},{"value":"Trident Subsea Cable","url":"/#/submarine-cable/trident-subsea-cable"},{"value":"Tripoli, Lebanon","url":"/#/landing-point/tripoli-lebanon"},{"value":"Tripoli, Libya","url":"/#/landing-point/tripoli-libya"},{"value":"Tripoli-Benghazi","url":"/#/submarine-cable/tripoli-benghazi"},{"value":"Trivendrum, India","url":"/#/landing-point/trivendrum-india"},{"value":"Trujillo, Honduras","url":"/#/landing-point/trujillo-honduras"},{"value":"Tseung Kwan O, Hong Kong","url":"/#/landing-point/tseung-kwan-o-hong-kong"},{"value":"TT-1","url":"/#/submarine-cable/tt-1"},{"value":"Tuas, Singapore","url":"/#/landing-point/tuas-singapore"},{"value":"Tuborg, Denmark","url":"/#/landing-point/tuborg-denmark"},{"value":"Tuckerton, New Jersey, United States","url":"/#/landing-point/tuckerton-new-jersey-united-states"},{"value":"Tulum, Mexico","url":"/#/landing-point/tulum-mexico"},{"value":"Tumon Bay, Guam","url":"/#/landing-point/tumon-bay-guam"},{"value":"Tungku, Brunei","url":"/#/landing-point/tungku-brunei"},{"value":"Turcyos-1","url":"/#/submarine-cable/turcyos-1"},{"value":"Turcyos-2","url":"/#/submarine-cable/turcyos-2"},{"value":"Turku, Finland","url":"/#/landing-point/turku-finland"},{"value":"Tuticorine, India","url":"/#/landing-point/tuticorine-india"},{"value":"Tyra","url":"/#/landing-point/tyra"},{"value":"Tétouan, Morocco","url":"/#/landing-point/ttouan-morocco"},{"value":"UAE-Iran","url":"/#/submarine-cable/uae-iran"},{"value":"UGARIT","url":"/#/submarine-cable/ugarit"},{"value":"UK-Channel Islands-7","url":"/#/submarine-cable/uk-channel-islands-7"},{"value":"UK-Channel Islands-8","url":"/#/submarine-cable/uk-channel-islands-8"},{"value":"UK-France 3","url":"/#/submarine-cable/uk-france-3"},{"value":"UK-Netherlands 14","url":"/#/submarine-cable/uk-netherlands-14"},{"value":"Ula, Norway","url":"/#/landing-point/ula-norway"},{"value":"Ulysses","url":"/#/submarine-cable/ulysses"},{"value":"Umag, Croatia","url":"/#/landing-point/umag-croatia"},{"value":"Umeå, Sweden","url":"/#/landing-point/ume-sweden"},{"value":"Unity/EAC-Pacific","url":"/#/submarine-cable/unityeac-pacific"},{"value":"Unqui, Costa Rica","url":"/#/landing-point/unqui-costa-rica"},{"value":"Uturoa, French Polynesia","url":"/#/landing-point/uturoa-french-polynesia"},{"value":"Vaasa, Finland","url":"/#/landing-point/vaasa-finland"},{"value":"Vaitape, French Polynesia","url":"/#/landing-point/vaitape-french-polynesia"},{"value":"Valdemar","url":"/#/landing-point/valdemar"},{"value":"Valdez, Alaska, United States","url":"/#/landing-point/valdez-alaska-united-states"},{"value":"Valencia, Spain","url":"/#/landing-point/valencia-spain"},{"value":"Valhala, Norway","url":"/#/landing-point/valhala-norway"},{"value":"Valparaíso, Chile","url":"/#/landing-point/valparaso-chile"},{"value":"Varna, Bulgaria","url":"/#/landing-point/varna-bulgaria"},{"value":"Velas, Portugal","url":"/#/landing-point/velas-portugal"},{"value":"Velling, Sweden","url":"/#/landing-point/velling-sweden"},{"value":"Ventspils, Latvia","url":"/#/landing-point/ventspils-latvia"},{"value":"Vero Beach, Florida, United States","url":"/#/landing-point/vero-beach-florida-united-states"},{"value":"Vestero, Denmark","url":"/#/landing-point/vestero-denmark"},{"value":"Vestmannaeyjar, Iceland","url":"/#/landing-point/vestmannaeyjar-iceland"},{"value":"Victoria, Seychelles","url":"/#/landing-point/victoria-seychelles"},{"value":"Vila do Porto, Portugal","url":"/#/landing-point/vila-do-porto-portugal"},{"value":"Vila Olga, VI, United States","url":"/#/landing-point/vila-olga-vi-united-states"},{"value":"Vladivostok, Russia","url":"/#/landing-point/vladivostok-russia"},{"value":"Vodafone Malta-Sicily Cable System (VMSCS)","url":"/#/submarine-cable/vodafone-malta-sicily-cable-system-vmscs"},{"value":"Vung Tau, Vietnam","url":"/#/landing-point/vung-tau-vietnam"},{"value":"Väddö, Sweden","url":"/#/landing-point/vdd-sweden"},{"value":"Wada, Japan","url":"/#/landing-point/wada-japan"},{"value":"Waingapu, Indonesia","url":"/#/landing-point/waingapu-indonesia"},{"value":"Wall Township, New Jersey, United States","url":"/#/landing-point/wall-township-new-jersey-united-states"},{"value":"WARF Submarine Cable","url":"/#/submarine-cable/warf-submarine-cable"},{"value":"Warrenton, Oregon, United States","url":"/#/landing-point/warrenton-oregon-united-states"},{"value":"West African Cable System (WACS)","url":"/#/submarine-cable/west-african-cable-system-wacs"},{"value":"West Palm Beach, FL, United States","url":"/#/landing-point/west-palm-beach-fl-united-states"},{"value":"Whangarei, New Zealand","url":"/#/landing-point/whangarei-new-zealand"},{"value":"Whenuapai, New Zealand","url":"/#/landing-point/whenuapai-new-zealand"},{"value":"Whitesands Bay, United Kingdom","url":"/#/landing-point/whitesands-bay-united-kingdom"},{"value":"Whittier, Alaska, United States","url":"/#/landing-point/whittier-alaska-united-states"},{"value":"Willemstad, Curaçao","url":"/#/landing-point/willemstad-curaao"},{"value":"Winterton-on-Sea, United Kingdom","url":"/#/landing-point/winterton-on-sea-united-kingdom"},{"value":"Wrangell, Alaska, United States","url":"/#/landing-point/wrangell-alaska-united-states"},{"value":"Xepenehe, New Caledonia","url":"/#/landing-point/xepenehe-new-caledonia"},{"value":"Xiamen-Kinmen Undersea Cable","url":"/#/submarine-cable/xiamen-kinmen-undersea-cable"},{"value":"Yellow","url":"/#/submarine-cable/yellow"},{"value":"Yeroskipos, Cyprus","url":"/#/landing-point/yeroskipos-cyprus"},{"value":"Ystad, Sweden","url":"/#/landing-point/ystad-sweden"},{"value":"Yzerfontein, South Africa","url":"/#/landing-point/yzerfontein-south-africa"},{"value":"Zafarana, Egypt","url":"/#/landing-point/zafarana-egypt"},{"value":"Zandvoort, Netherlands","url":"/#/landing-point/zandvoort-netherlands"},{"value":"Zawia, Libya","url":"/#/landing-point/zawia-libya"},{"value":"Zeebrugge, Belgium","url":"/#/landing-point/zeebrugge-belgium"},{"value":"Zwara, Libya","url":"/#/landing-point/zwara-libya"}]
