{"landing_points":[{"landing_point_id":16021,"name":"Skaill, United Kingdom","id":"skaill-united-kingdom"},{"landing_point_id":16020,"name":"Dunnet Head, United Kingdom","id":"dunnet-head-united-kingdom"},{"landing_point_id":16018,"name":"Whitehead, United Kingdom","id":"whitehead-united-kingdom"},{"landing_point_id":11461,"name":"Troon, United Kingdom","id":"troon-united-kingdom"},{"landing_point_id":3537,"name":"Aberdeen, United Kingdom","id":"aberdeen-united-kingdom"},{"landing_point_id":15837,"name":"Largs, United Kingdom","id":"largs-united-kingdom"},{"landing_point_id":15838,"name":"Kilchatten Bay, United Kingdom","id":"kilchatten-bay-united-kingdom"},{"landing_point_id":15839,"name":"Otter Ferry, United Kingdom","id":"otter-ferry-united-kingdom"},{"landing_point_id":15840,"name":"Achnaba, United Kingdom","id":"achnaba-united-kingdom"},{"landing_point_id":15841,"name":"Blackwaterfoot, United Kingdom","id":"blackwaterfoot-united-kingdom"},{"landing_point_id":15842,"name":"Ardnacross, United Kingdom","id":"ardnacross-united-kingdom"},{"landing_point_id":15843,"name":"Down Craig, United Kingdom","id":"down-craig-united-kingdom"},{"landing_point_id":15844,"name":"Corrie, United Kingdom","id":"corrie-united-kingdom"},{"landing_point_id":15845,"name":"Ardneil Bay, United Kingdom","id":"ardneil-bay-united-kingdom"},{"landing_point_id":15846,"name":"Port Askaig, United Kingdom","id":"port-askaig-united-kingdom"},{"landing_point_id":15847,"name":"Feolin Ferry, United Kingdom","id":"feolin-ferry-united-kingdom"},{"landing_point_id":15848,"name":"Lavagulin, United Kingdom","id":"lavagulin-united-kingdom"},{"landing_point_id":15849,"name":"Glenbarr, United Kingdom","id":"glenbarr-united-kingdom"},{"landing_point_id":15850,"name":"Craighouse, United Kingdom","id":"craighouse-united-kingdom"},{"landing_point_id":15851,"name":"Ormsary, United Kingdom","id":"ormsary-united-kingdom"},{"landing_point_id":15852,"name":"Kilchoan Ferry, United Kingdom","id":"kilchoan-ferry-united-kingdom"},{"landing_point_id":15853,"name":"Tobermory, United Kingdom","id":"tobermory-united-kingdom"},{"landing_point_id":15854,"name":"Duart Bay, United Kingdom","id":"duart-bay-united-kingdom"},{"landing_point_id":15855,"name":"Ganavan Bay, United Kingdom","id":"ganavan-bay-united-kingdom"},{"landing_point_id":15856,"name":"Corran, United Kingdom","id":"corran-united-kingdom"},{"landing_point_id":15857,"name":"Ardmair, United Kingdom","id":"ardmair-united-kingdom"},{"landing_point_id":15858,"name":"Branahuie Bay, United Kingdom","id":"branahuie-bay-united-kingdom"},{"landing_point_id":15859,"name":"Leverburgh, United Kingdom","id":"leverburgh-united-kingdom"},{"landing_point_id":15860,"name":"Lochmaddy, United Kingdom","id":"lochmaddy-united-kingdom"},{"landing_point_id":15861,"name":"Dunvegan, United Kingdom","id":"dunvegan-united-kingdom"},{"landing_point_id":15862,"name":"Sandwick Village, United Kingdom","id":"sandwick-village-united-kingdom"},{"landing_point_id":15863,"name":"Ardvasar, United Kingdom","id":"ardvasar-united-kingdom"},{"landing_point_id":15864,"name":"Mallaigvaig, United Kingdom","id":"mallaigvaig-united-kingdom"},{"landing_point_id":15865,"name":"Scarinish, United Kingdom","id":"scarinish-united-kingdom"},{"landing_point_id":15866,"name":"Calgary, United Kingdom","id":"calgary-united-kingdom"},{"landing_point_id":15867,"name":"Ludag, United Kingdom","id":"ludag-united-kingdom"},{"landing_point_id":15868,"name":"Balla, United Kingdom","id":"balla-united-kingdom"},{"landing_point_id":15869,"name":"North Bay, United Kingdom","id":"north-bay-united-kingdom"},{"landing_point_id":15870,"name":"Bay of Tuquoy, United Kingdom","id":"bay-of-tuquoy-united-kingdom"},{"landing_point_id":15871,"name":"Aikerness , United Kingdom","id":"aikerness-united-kingdom"},{"landing_point_id":15872,"name":"Portachur Point, United Kingdom","id":"portachur-point-united-kingdom"},{"landing_point_id":15873,"name":"Coilleag, United Kingdom","id":"coilleag-united-kingdom"},{"landing_point_id":15874,"name":"Ardbeg Point, United Kingdom","id":"ardbeg-point-united-kingdom"},{"landing_point_id":15875,"name":"Ardyne Point, United Kingdom","id":"ardyne-point-united-kingdom"},{"landing_point_id":15876,"name":"Ardgour, United Kingdom","id":"ardgour-united-kingdom"},{"landing_point_id":15836,"name":"Porthcressa Beach, United Kingdom","id":"porthcressa-beach-united-kingdom"},{"landing_point_id":3225,"name":"Aldeburgh, United Kingdom","id":"aldeburgh-united-kingdom"},{"landing_point_id":14677,"name":"Blackpool Sands, United Kingdom","id":"blackpool-sands-united-kingdom"},{"landing_point_id":5739,"name":"Filey, United Kingdom","id":"filey-united-kingdom"},{"landing_point_id":11390,"name":"Larne, United Kingdom","id":"larne-united-kingdom"},{"landing_point_id":13378,"name":"Girvan, United Kingdom","id":"girvan-united-kingdom"},{"landing_point_id":7732,"name":"Donaghadee, United Kingdom","id":"donaghadee-united-kingdom"},{"landing_point_id":7731,"name":"Portpatrick, United Kingdom","id":"portpatrick-united-kingdom"},{"landing_point_id":13377,"name":"Carrickfergus, United Kingdom","id":"carrickfergus-united-kingdom"},{"landing_point_id":13376,"name":"Saltcoats, United Kingdom","id":"saltcoats-united-kingdom"},{"landing_point_id":3171,"name":"Douglas, Isle of Man, United Kingdom","id":"douglas-isle-of-man-united-kingdom"},{"landing_point_id":13373,"name":"Ballyhornan, United Kingdom","id":"ballyhornan-united-kingdom"},{"landing_point_id":13375,"name":"Silecroft Beach, United Kingdom","id":"silecroft-beach-united-kingdom"},{"landing_point_id":13374,"name":"Groudle Bay, United Kingdom","id":"groudle-bay-united-kingdom"},{"landing_point_id":13372,"name":"Peel, United Kingdom","id":"peel-united-kingdom"},{"landing_point_id":13371,"name":"Ballywater, United Kingdom","id":"ballywater-united-kingdom"},{"landing_point_id":13370,"name":"Port Grenaugh, United Kingdom","id":"port-grenaugh-united-kingdom"},{"landing_point_id":3269,"name":"Winterton-on-Sea, United Kingdom","id":"winterton-on-sea-united-kingdom"},{"landing_point_id":3170,"name":"Brighton, United Kingdom","id":"brighton-united-kingdom"},{"landing_point_id":10381,"name":"Dartmouth, United Kingdom","id":"dartmouth-united-kingdom"},{"landing_point_id":10374,"name":"Saints Bay, United Kingdom","id":"saints-bay-united-kingdom"},{"landing_point_id":10373,"name":"Pembroke, United Kingdom","id":"pembroke-united-kingdom"},{"landing_point_id":3081,"name":"Whitesands Bay, United Kingdom","id":"whitesands-bay-united-kingdom"},{"landing_point_id":3082,"name":"Porthcurno, United Kingdom","id":"porthcurno-united-kingdom"},{"landing_point_id":3292,"name":"Goonhilly Downs, United Kingdom","id":"goonhilly-downs-united-kingdom"},{"landing_point_id":4554,"name":"Bude, United Kingdom","id":"bude-united-kingdom"},{"landing_point_id":3324,"name":"Southport, United Kingdom","id":"southport-united-kingdom"},{"landing_point_id":5741,"name":"Skewjack, United Kingdom","id":"skewjack-united-kingdom"},{"landing_point_id":3084,"name":"Lowestoft, United Kingdom","id":"lowestoft-united-kingdom"},{"landing_point_id":5742,"name":"Sennen Cove, United Kingdom","id":"sennen-cove-united-kingdom"},{"landing_point_id":3145,"name":"Oxwich Bay, United Kingdom","id":"oxwich-bay-united-kingdom"},{"landing_point_id":5745,"name":"Highbridge, United Kingdom","id":"highbridge-united-kingdom"},{"landing_point_id":5746,"name":"Dunnet Bay, United Kingdom","id":"dunnet-bay-united-kingdom"},{"landing_point_id":6050,"name":"Pevensey Bay, United Kingdom","id":"pevensey-bay-united-kingdom"},{"landing_point_id":6033,"name":"Broadstairs, United Kingdom","id":"broadstairs-united-kingdom"},{"landing_point_id":6086,"name":"Dover, United Kingdom","id":"dover-united-kingdom"},{"landing_point_id":8397,"name":"Dumpton Gap, United Kingdom","id":"dumpton-gap-united-kingdom"},{"landing_point_id":8398,"name":"Sizewell, United Kingdom","id":"sizewell-united-kingdom"},{"landing_point_id":8399,"name":"Thorpeness, United Kingdom","id":"thorpeness-united-kingdom"},{"landing_point_id":8408,"name":"Blackpool, United Kingdom","id":"blackpool-united-kingdom"},{"landing_point_id":9038,"name":"Coleraine, United Kingdom","id":"coleraine-united-kingdom"},{"landing_point_id":10338,"name":"Deeside Clwyd, United Kingdom","id":"deeside-clwyd-united-kingdom"},{"landing_point_id":10354,"name":"Clair, United Kingdom","id":"clair-united-kingdom"},{"landing_point_id":10353,"name":"Schiehallion, United Kingdom","id":"schiehallion-united-kingdom"},{"landing_point_id":8680,"name":"Banff, United Kingdom","id":"banff-united-kingdom"},{"landing_point_id":8682,"name":"Ayre of Caira, United Kingdom","id":"ayre-of-caira-united-kingdom"},{"landing_point_id":8683,"name":"Sandwick, United Kingdom","id":"sandwick-united-kingdom"},{"landing_point_id":8684,"name":"Maywick, United Kingdom","id":"maywick-united-kingdom"},{"landing_point_id":6035,"name":"Holyhead, United Kingdom","id":"holyhead-united-kingdom"},{"landing_point_id":5736,"name":"Brean, United Kingdom","id":"brean-united-kingdom"}],"cables":[{"cable_id":1836,"name":"Northern Lights","id":"northern-lights"},{"cable_id":1834,"name":"Lanis-3","id":"lanis-3"},{"cable_id":1203,"name":"Tampnet Offshore FOC Network","id":"tampnet-offshore-foc-network"},{"cable_id":1827,"name":"BT Highlands and Islands Submarine Cable System","id":"bt-highlands-and-islands-submarine-cable-system"},{"cable_id":1826,"name":"Isles of Scilly Cable","id":"isles-of-scilly-cable"},{"cable_id":1819,"name":"Farland North","id":"farland-north"},{"cable_id":1784,"name":"Channel Islands-9 Liberty Submarine Cable","id":"channel-islands-9-liberty-submarine-cable"},{"cable_id":1244,"name":"Russian Optical Trans-Arctic Cable System (ROTACS)","id":"russian-optical-trans-arctic-cable-system-rotacs"},{"cable_id":1614,"name":"Scotland-Northern Ireland 2","id":"scotland-northern-ireland-2"},{"cable_id":1387,"name":"Scotland-Northern Ireland 1","id":"scotland-northern-ireland-1"},{"cable_id":1754,"name":"Sirius North","id":"sirius-north"},{"cable_id":1753,"name":"E-LLAN","id":"e-llan"},{"cable_id":1752,"name":"BT-MT-1","id":"bt-mt-1"},{"cable_id":1751,"name":"Lanis-2","id":"lanis-2"},{"cable_id":1616,"name":"Lanis-1","id":"lanis-1"},{"cable_id":1365,"name":"UK-Netherlands 14","id":"uk-netherlands-14"},{"cable_id":1314,"name":"UK-France 3","id":"uk-france-3"},{"cable_id":1703,"name":"UK-Channel Islands-7","id":"uk-channel-islands-7"},{"cable_id":1702,"name":"Guernsey-Jersey-4","id":"guernsey-jersey-4"},{"cable_id":1697,"name":"High-capacity Undersea Guernsey Optical-fibre (HUGO)","id":"high-capacity-undersea-guernsey-optical-fibre-hugo"},{"cable_id":1143,"name":"Atlantic Crossing-1 (AC-1)","id":"atlantic-crossing-1-ac-1"},{"cable_id":1734,"name":"FastnetConnect","id":"fastnetconnect"},{"cable_id":1027,"name":"FLAG Europe-Asia (FEA)","id":"flag-europe-asia-fea"},{"cable_id":1704,"name":"UK-Channel Islands-8","id":"uk-channel-islands-8"},{"cable_id":1031,"name":"SeaMeWe-3","id":"seamewe-3"},{"cable_id":1043,"name":"TAT-14","id":"tat-14"},{"cable_id":1080,"name":"Hibernia Atlantic","id":"hibernia-atlantic"},{"cable_id":1081,"name":"Yellow","id":"yellow"},{"cable_id":1213,"name":"Apollo","id":"apollo"},{"cable_id":1028,"name":"FLAG Atlantic-1 (FA-1)","id":"flag-atlantic-1-fa-1"},{"cable_id":1054,"name":"Celtic","id":"celtic"},{"cable_id":1223,"name":"ESAT-1","id":"esat-1"},{"cable_id":1224,"name":"ESAT-2","id":"esat-2"},{"cable_id":1835,"name":"Swansea-Brean","id":"swansea-brean"},{"cable_id":1205,"name":"Solas","id":"solas"},{"cable_id":1712,"name":"Arctic Fibre","id":"arctic-fibre"},{"cable_id":1149,"name":"Tata TGN-Atlantic","id":"tata-tgn-atlantic"},{"cable_id":1173,"name":"Tata TGN-Western Europe","id":"tata-tgn-western-europe"},{"cable_id":1240,"name":"FARICE-1","id":"farice-1"},{"cable_id":1137,"name":"Circe North","id":"circe-north"},{"cable_id":1323,"name":"Circe South","id":"circe-south"},{"cable_id":1324,"name":"Tangerine","id":"tangerine"},{"cable_id":1343,"name":"Ulysses","id":"ulysses"},{"cable_id":1357,"name":"GLO-1","id":"glo-1"},{"cable_id":1539,"name":"Pan European Crossing (UK-Belgium)","id":"pan-european-crossing-uk-belgium"},{"cable_id":1538,"name":"Concerto","id":"concerto"},{"cable_id":1547,"name":"Pan European Crossing (UK-Ireland)","id":"pan-european-crossing-uk-ireland"},{"cable_id":1092,"name":"Sirius South","id":"sirius-south"},{"cable_id":1685,"name":"Geo-Eirgrid","id":"geo-eirgrid"},{"cable_id":1576,"name":"SHEFA-2","id":"shefa-2"},{"cable_id":1580,"name":"Europe India Gateway (EIG)","id":"europe-india-gateway-eig"},{"cable_id":1684,"name":"Emerald Bridge Fibres","id":"emerald-bridge-fibres"},{"cable_id":1641,"name":"CeltixConnect","id":"celtixconnect"},{"cable_id":1560,"name":"West African Cable System (WACS)","id":"west-african-cable-system-wacs"},{"cable_id":1673,"name":"Hibernia Express","id":"hibernia-express"}],"name":"United Kingdom","latlon":[{"latlon":"58.943146,-2.717155"},{"latlon":"58.670294,-3.376579"},{"latlon":"54.753694,-5.718716"},{"latlon":"55.541292,-4.659928"},{"latlon":"57.153791,-2.106804"},{"latlon":"55.793342,-4.867301"},{"latlon":"55.751839,-5.028092"},{"latlon":"56.008284,-5.321207"},{"latlon":"56.019416,-5.365787"},{"latlon":"55.501936,-5.332096"},{"latlon":"55.476546,-5.533414"},{"latlon":"55.780159,-4.900455"},{"latlon":"55.643635,-5.141422"},{"latlon":"55.693049,-4.889371"},{"latlon":"55.847737,-6.106314"},{"latlon":"55.846760,-6.089908"},{"latlon":"55.636116,-6.125406"},{"latlon":"55.565510,-5.697574"},{"latlon":"55.833674,-5.953824"},{"latlon":"55.891682,-5.614566"},{"latlon":"56.688557,-6.093960"},{"latlon":"56.621858,-6.070279"},{"latlon":"56.455842,-5.669351"},{"latlon":"56.437776,-5.475797"},{"latlon":"56.722541,-5.245377"},{"latlon":"57.934064,-5.196207"},{"latlon":"58.209064,-6.310757"},{"latlon":"57.769416,-7.008364"},{"latlon":"57.603693,-7.163345"},{"latlon":"57.436310,-6.581655"},{"latlon":"57.366681,-7.274136"},{"latlon":"57.059357,-5.906460"},{"latlon":"57.008479,-5.820425"},{"latlon":"56.503791,-6.808511"},{"latlon":"56.582112,-6.272378"},{"latlon":"57.105549,-7.328139"},{"latlon":"57.081525,-7.312173"},{"latlon":"57.025275,-7.449477"},{"latlon":"59.279767,-2.939519"},{"latlon":"59.350470,-2.959147"},{"latlon":"55.742756,-4.943863"},{"latlon":"57.073615,-7.302212"},{"latlon":"55.858577,-5.063590"},{"latlon":"55.869417,-5.019986"},{"latlon":"56.721565,-5.233658"},{"latlon":"49.919908,-6.308169"},{"latlon":"52.157895,1.590606"},{"latlon":"50.318833,-3.610905"},{"latlon":"54.211800,-0.290741"},{"latlon":"54.857503,-5.809879"},{"latlon":"55.240218,-4.854215"},{"latlon":"54.642855,-5.538785"},{"latlon":"54.843733,-5.115543"},{"latlon":"54.713655,-5.808170"},{"latlon":"55.637581,-4.783512"},{"latlon":"54.150277,-4.480875"},{"latlon":"54.302035,-5.559390"},{"latlon":"54.210628,-3.357145"},{"latlon":"54.166976,-4.423893"},{"latlon":"54.222445,-4.691422"},{"latlon":"54.542757,-5.484390"},{"latlon":"54.099984,-4.566666"},{"latlon":"52.715219,1.693536"},{"latlon":"50.822544,-0.137176"},{"latlon":"50.351743,-3.578385"},{"latlon":"49.423326,-2.558025"},{"latlon":"49.509556,-2.537614"},{"latlon":"50.078501,-5.698453"},{"latlon":"50.043052,-5.654507"},{"latlon":"50.024790,-5.174527"},{"latlon":"50.828110,-4.544401"},{"latlon":"53.647933,-3.006364"},{"latlon":"50.063560,-5.675064"},{"latlon":"52.471371,1.729180"},{"latlon":"50.076060,-5.698746"},{"latlon":"51.557798,-4.169596"},{"latlon":"51.222251,-2.975017"},{"latlon":"58.615314,-3.346208"},{"latlon":"50.819028,0.366681"},{"latlon":"51.358872,1.439434"},{"latlon":"51.125571,1.317560"},{"latlon":"51.358579,1.439337"},{"latlon":"52.207114,1.620294"},{"latlon":"52.180844,1.613067"},{"latlon":"53.808675,-3.050749"},{"latlon":"55.130745,-6.676187"},{"latlon":"53.201742,-3.027556"},{"latlon":"60.749883,-2.399919"},{"latlon":"60.333086,-4.333414"},{"latlon":"57.666877,-2.523650"},{"latlon":"58.833282,-2.900114"},{"latlon":"59.995977,-1.238689"},{"latlon":"60.003985,-1.323797"},{"latlon":"53.306039,-4.630387"},{"latlon":"51.293735,-3.010905"}]}
