{"rfs":"2022","cables":[{"id":"southern-cross-next","name":"Southern Cross NEXT                                                                                           ","cable_id":1894},{"id":"aurora-cable-system","name":"AURORA Cable System","cable_id":1924},{"id":"bay-to-bay-express-btobe-cable-system","name":"Bay to Bay Express (BtoBE) Cable System","cable_id":1969},{"id":"sxs","name":"SxS","cable_id":2027},{"id":"asia-direct-cable-adc","name":"Asia Direct Cable (ADC)","cable_id":2029},{"id":"amitie","name":"Amitie","cable_id":2031},{"id":"celtic-norse","name":"Celtic Norse","cable_id":2041},{"id":"gondwana-2picot-2","name":"Gondwana-2/Picot-2","cable_id":2053},{"id":"confluence-1","name":"CONFLUENCE-1","cable_id":2073},{"id":"mist","name":"MIST","cable_id":2082},{"id":"grace-hopper","name":"Grace Hopper","cable_id":2112}],"landing_points":[{"id":"takapuna-new-zealand","landing_point_id":5918},{"id":"los-angeles-ca-united-states","landing_point_id":3678},{"id":"kiritimati-kiribati","landing_point_id":17031},{"id":"nukunonu-tokelau","landing_point_id":17030},{"id":"suva-fiji","landing_point_id":4268},{"id":"apia-samoa","landing_point_id":5705},{"id":"savusavu-fiji","landing_point_id":17015},{"id":"alexandria-australia","landing_point_id":6097},{"id":"balboa-panama","landing_point_id":8722},{"id":"manta-ecuador","landing_point_id":8918},{"id":"sarasota-fl-united-states","landing_point_id":3779},{"id":"cancn-mexico","landing_point_id":3842},{"id":"puerto-barrios-guatemala","landing_point_id":5848},{"id":"maria-chiquita-panama","landing_point_id":5928},{"id":"cartagena-colombia","landing_point_id":5693},{"id":"puerto-cortes-honduras","landing_point_id":5851},{"id":"chung-hom-kok-china","landing_point_id":5856},{"id":"cherating-malaysia","landing_point_id":6011},{"id":"grover-beach-ca-united-states","landing_point_id":5748},{"id":"changi-north-singapore","landing_point_id":5940},{"id":"los-angeles-ca-united-states","landing_point_id":3678},{"id":"piti-gu-united-states","landing_point_id":5973},{"id":"shantou-china","landing_point_id":5803},{"id":"maruyama-japan","landing_point_id":5887},{"id":"chung-hom-kok-china","landing_point_id":5856},{"id":"batangas-philippines","landing_point_id":3218},{"id":"sriracha-thailand","landing_point_id":6014},{"id":"tuas-singapore","landing_point_id":5938},{"id":"quy-nhon-vietnam","landing_point_id":17229},{"id":"le-porge-france","landing_point_id":18123},{"id":"bude-united-kingdom","landing_point_id":4554},{"id":"lynn-ma-united-states","landing_point_id":3683},{"id":"caithness-united-kingdom","landing_point_id":17708},{"id":"grindavik-iceland","landing_point_id":10385},{"id":"ysanden-norway","landing_point_id":17402},{"id":"killala-ireland","landing_point_id":14732},{"id":"noumea-new-caledonia","landing_point_id":5704},{"id":"suva-fiji","landing_point_id":4268},{"id":"quanono-new-caledonia","landing_point_id":18078},{"id":"tadine-new-caledonia","landing_point_id":18079},{"id":"vao-new-caledonia","landing_point_id":18080},{"id":"yate-new-caledonia","landing_point_id":18081},{"id":"mont-dore-new-caledonia","landing_point_id":18082},{"id":"wall-township-nj-united-states","landing_point_id":3822},{"id":"virginia-beach-va-united-states","landing_point_id":4862},{"id":"myrtle-beach-sc-united-states","landing_point_id":3707},{"id":"jacksonville-fl-united-states","landing_point_id":3655},{"id":"sunny-isles-fl-united-states","landing_point_id":17589},{"id":"ngwe-saung-myanmar","landing_point_id":14639},{"id":"mumbai-india","landing_point_id":3212},{"id":"penang-malaysia","landing_point_id":3307},{"id":"tuas-singapore","landing_point_id":5938},{"id":"satun-thailand","landing_point_id":5956},{"id":"chennai-india","landing_point_id":4191},{"id":"bude-united-kingdom","landing_point_id":4554},{"id":"bellport-ny-united-states","landing_point_id":5767},{"id":"bilbao-spain","landing_point_id":3067}]}
