{"landing_points":[{"url":"#/landing-point/abidjan-cte-divoire","name":"Abidjan, Côte d'Ivoire","landing_point_id":3316,"id":"abidjan-cte-divoire","latlon":"5.323542,-4.026237"},{"url":"#/landing-point/accra-ghana","name":"Accra, Ghana","landing_point_id":4181,"id":"accra-ghana","latlon":"5.558308,-0.201092"},{"url":"#/landing-point/el-goro-canary-islands-spain","name":"El Goro, Canary Islands, Spain","landing_point_id":5720,"id":"el-goro-canary-islands-spain","latlon":"27.959371,-15.398741"},{"url":"#/landing-point/highbridge-united-kingdom","name":"Highbridge, United Kingdom","landing_point_id":5745,"id":"highbridge-united-kingdom","latlon":"51.222251,-2.975017"},{"url":"#/landing-point/lagos-nigeria","name":"Lagos, Nigeria","landing_point_id":3280,"id":"lagos-nigeria","latlon":"6.438874,3.423223"},{"url":"#/landing-point/limbe-cameroon","name":"Limbe, Cameroon","landing_point_id":9846,"id":"limbe-cameroon","latlon":"4.014558,9.208474"},{"url":"#/landing-point/lome-togo","name":"Lome, Togo","landing_point_id":3317,"id":"lome-togo","latlon":"6.125983,1.227813"},{"url":"#/landing-point/muanda-congo-dem-rep-","name":"Muanda, Congo, Dem. Rep.","landing_point_id":9426,"id":"muanda-congo-dem-rep-","latlon":"-5.933386,12.349878"},{"url":"#/landing-point/palmarejo-cape-verde","name":"Palmarejo, Cape Verde","landing_point_id":10725,"id":"palmarejo-cape-verde","latlon":"14.923049,-23.521247"},{"url":"#/landing-point/point-noire-congo-rep-","name":"Point Noire, Congo, Rep.","landing_point_id":5971,"id":"point-noire-congo-rep-","latlon":"-4.779090,11.863648"},{"url":"#/landing-point/sangano-angola","name":"Sangano, Angola","landing_point_id":10727,"id":"sangano-angola","latlon":"-8.812877,13.235034"},{"url":"#/landing-point/seixal-portugal","name":"Seixal, Portugal","landing_point_id":9058,"id":"seixal-portugal","latlon":"38.642276,-9.107387"},{"url":"#/landing-point/swakopmund-namibia","name":"Swakopmund, Namibia","landing_point_id":9845,"id":"swakopmund-namibia","latlon":"-22.678300,14.528100"},{"url":"#/landing-point/yzerfontein-south-africa","name":"Yzerfontein, South Africa","landing_point_id":9844,"id":"yzerfontein-south-africa","latlon":"-33.348217,18.155540"}],"rfs":"May 2012","length":"14,916 km","owners":"Broadband Infraco,  Telkom South Africa,  Vodacom DRC,  MTN Group,  Tata Communications,  Togo Telecom,  Telecom Namibia,  Office Congolais de Poste et Télécommunication,  Congo Telecom,  Portugal Telecom,  Angola Cables,  Cape Verde Telecom,  Vodafone Espana,  Vodafone,  Neotel,  PCCW,  Botswana Fibre Networks","cable_id":1560,"notes":null,"url":"http://wacscable.com","name":"West African Cable System (WACS)","id":"west-african-cable-system-wacs"}
